id,name,iso3,iso2,numeric_code,phone_code,currency,currency_name,currency_symbol,tld,native,timezones,latitude,longitude,emoji
1,Afghanistan,AFG,AF,4,93,AFN,Afghan afghani,Ø‹,.af,Ø§ÙØºØ§Ù†Ø³ØªØ§Ù†,"[{zoneName:'Asia\/Kabul',gmtOffset:16200,gmtOffsetName:'UTC+04:30',abbreviation:'AFT',tzName:'Afghanistan Time'}]",33.00000000,65.00000000,ğŸ‡¦ğŸ‡«
2,Aland Islands,ALA,AX,248,+358-18,EUR,Euro,â‚¬,.ax,Ã…land,"[{zoneName:'Europe\/Mariehamn',gmtOffset:7200,gmtOffsetName:'UTC+02:00',abbreviation:'EET',tzName:'Eastern European Time'}]",60.11666700,19.90000000,ğŸ‡¦ğŸ‡½
3,Albania,ALB,AL,8,355,ALL,Albanian lek,Lek,.al,ShqipÃ«ria,"[{zoneName:'Europe\/Tirane',gmtOffset:3600,gmtOffsetName:'UTC+01:00',abbreviation:'CET',tzName:'Central European Time'}]",41.00000000,20.00000000,ğŸ‡¦ğŸ‡±
4,Algeria,DZA,DZ,12,213,DZD,Algerian dinar,Ø¯Ø¬,.dz,Ø§Ù„Ø¬Ø²Ø§Ø¦Ø±,"[{zoneName:'Africa\/Algiers',gmtOffset:3600,gmtOffsetName:'UTC+01:00',abbreviation:'CET',tzName:'Central European Time'}]",28.00000000,3.00000000,ğŸ‡©ğŸ‡¿
5,American Samoa,ASM,AS,16,+1-684,USD,US Dollar,$,.as,American Samoa,"[{zoneName:'Pacific\/Pago_Pago',gmtOffset:-39600,gmtOffsetName:'UTC-11:00',abbreviation:'SST',tzName:'Samoa Standard Time'}]",-14.33333333,-170.00000000,ğŸ‡¦ğŸ‡¸
6,Andorra,AND,AD,20,376,EUR,Euro,â‚¬,.ad,Andorra,"[{zoneName:'Europe\/Andorra',gmtOffset:3600,gmtOffsetName:'UTC+01:00',abbreviation:'CET',tzName:'Central European Time'}]",42.50000000,1.50000000,ğŸ‡¦ğŸ‡©
7,Angola,AGO,AO,24,244,AOA,Angolan kwanza,Kz,.ao,Angola,"[{zoneName:'Africa\/Luanda',gmtOffset:3600,gmtOffsetName:'UTC+01:00',abbreviation:'WAT',tzName:'West Africa Time'}]",-12.50000000,18.50000000,ğŸ‡¦ğŸ‡´
8,Anguilla,AIA,AI,660,+1-264,XCD,East Caribbean dollar,$,.ai,Anguilla,"[{zoneName:'America\/Anguilla',gmtOffset:-14400,gmtOffsetName:'UTC-04:00',abbreviation:'AST',tzName:'Atlantic Standard Time'}]",18.25000000,-63.16666666,ğŸ‡¦ğŸ‡®
9,Antarctica,ATA,AQ,10,672,AAD,Antarctican dollar,$,.aq,Antarctica,"[{zoneName:'Antarctica\/Casey',gmtOffset:39600,gmtOffsetName:'UTC+11:00',abbreviation:'AWST',tzName:'Australian Western Standard Time'},{zoneName:'Antarctica\/Davis',gmtOffset:25200,gmtOffsetName:'UTC+07:00',abbreviation:'DAVT',tzName:'Davis Time'},{zoneName:'Antarctica\/DumontDUrville',gmtOffset:36000,gmtOffsetName:'UTC+10:00',abbreviation:'DDUT',tzName:'Dumont d'Urville Time'},{zoneName:'Antarctica\/Mawson',gmtOffset:18000,gmtOffsetName:'UTC+05:00',abbreviation:'MAWT',tzName:'Mawson Station Time'},{zoneName:'Antarctica\/McMurdo',gmtOffset:46800,gmtOffsetName:'UTC+13:00',abbreviation:'NZDT',tzName:'New Zealand Daylight Time'},{zoneName:'Antarctica\/Palmer',gmtOffset:-10800,gmtOffsetName:'UTC-03:00',abbreviation:'CLST',tzName:'Chile Summer Time'},{zoneName:'Antarctica\/Rothera',gmtOffset:-10800,gmtOffsetName:'UTC-03:00',abbreviation:'ROTT',tzName:'Rothera Research Station Time'},{zoneName:'Antarctica\/Syowa',gmtOffset:10800,gmtOffsetName:'UTC+03:00',abbreviation:'SYOT',tzName:'Showa Station Time'},{zoneName:'Antarctica\/Troll',gmtOffset:0,gmtOffsetName:'UTC\u00b100',abbreviation:'GMT',tzName:'Greenwich Mean Time'},{zoneName:'Antarctica\/Vostok',gmtOffset:21600,gmtOffsetName:'UTC+06:00',abbreviation:'VOST',tzName:'Vostok Station Time'}]",-74.65000000,4.48000000,ğŸ‡¦ğŸ‡¶
10,Antigua and Barbuda,ATG,AG,28,+1-268,XCD,Eastern Caribbean dollar,$,.ag,Antigua and Barbuda,"[{zoneName:'America\/Antigua',gmtOffset:-14400,gmtOffsetName:'UTC-04:00',abbreviation:'AST',tzName:'Atlantic Standard Time'}]",17.05000000,-61.80000000,ğŸ‡¦ğŸ‡¬
11,Argentina,ARG,AR,32,54,ARS,Argentine peso,$,.ar,Argentina,"[{zoneName:'America\/Argentina\/Buenos_Aires',gmtOffset:-10800,gmtOffsetName:'UTC-03:00',abbreviation:'ART',tzName:'Argentina Time'},{zoneName:'America\/Argentina\/Catamarca',gmtOffset:-10800,gmtOffsetName:'UTC-03:00',abbreviation:'ART',tzName:'Argentina Time'},{zoneName:'America\/Argentina\/Cordoba',gmtOffset:-10800,gmtOffsetName:'UTC-03:00',abbreviation:'ART',tzName:'Argentina Time'},{zoneName:'America\/Argentina\/Jujuy',gmtOffset:-10800,gmtOffsetName:'UTC-03:00',abbreviation:'ART',tzName:'Argentina Time'},{zoneName:'America\/Argentina\/La_Rioja',gmtOffset:-10800,gmtOffsetName:'UTC-03:00',abbreviation:'ART',tzName:'Argentina Time'},{zoneName:'America\/Argentina\/Mendoza',gmtOffset:-10800,gmtOffsetName:'UTC-03:00',abbreviation:'ART',tzName:'Argentina Time'},{zoneName:'America\/Argentina\/Rio_Gallegos',gmtOffset:-10800,gmtOffsetName:'UTC-03:00',abbreviation:'ART',tzName:'Argentina Time'},{zoneName:'America\/Argentina\/Salta',gmtOffset:-10800,gmtOffsetName:'UTC-03:00',abbreviation:'ART',tzName:'Argentina Time'},{zoneName:'America\/Argentina\/San_Juan',gmtOffset:-10800,gmtOffsetName:'UTC-03:00',abbreviation:'ART',tzName:'Argentina Time'},{zoneName:'America\/Argentina\/San_Luis',gmtOffset:-10800,gmtOffsetName:'UTC-03:00',abbreviation:'ART',tzName:'Argentina Time'},{zoneName:'America\/Argentina\/Tucuman',gmtOffset:-10800,gmtOffsetName:'UTC-03:00',abbreviation:'ART',tzName:'Argentina Time'},{zoneName:'America\/Argentina\/Ushuaia',gmtOffset:-10800,gmtOffsetName:'UTC-03:00',abbreviation:'ART',tzName:'Argentina Time'}]",-34.00000000,-64.00000000,ğŸ‡¦ğŸ‡·
12,Armenia,ARM,AM,51,374,AMD,Armenian dram,Ö,.am,Õ€Õ¡ÕµÕ¡Õ½Õ¿Õ¡Õ¶,"[{zoneName:'Asia\/Yerevan',gmtOffset:14400,gmtOffsetName:'UTC+04:00',abbreviation:'AMT',tzName:'Armenia Time'}]",40.00000000,45.00000000,ğŸ‡¦ğŸ‡²
13,Aruba,ABW,AW,533,297,AWG,Aruban florin,Æ’,.aw,Aruba,"[{zoneName:'America\/Aruba',gmtOffset:-14400,gmtOffsetName:'UTC-04:00',abbreviation:'AST',tzName:'Atlantic Standard Time'}]",12.50000000,-69.96666666,ğŸ‡¦ğŸ‡¼
14,Australia,AUS,AU,36,61,AUD,Australian dollar,$,.au,Australia,"[{zoneName:'Antarctica\/Macquarie',gmtOffset:39600,gmtOffsetName:'UTC+11:00',abbreviation:'MIST',tzName:'Macquarie Island Station Time'},{zoneName:'Australia\/Adelaide',gmtOffset:37800,gmtOffsetName:'UTC+10:30',abbreviation:'ACDT',tzName:'Australian Central Daylight Saving Time'},{zoneName:'Australia\/Brisbane',gmtOffset:36000,gmtOffsetName:'UTC+10:00',abbreviation:'AEST',tzName:'Australian Eastern Standard Time'},{zoneName:'Australia\/Broken_Hill',gmtOffset:37800,gmtOffsetName:'UTC+10:30',abbreviation:'ACDT',tzName:'Australian Central Daylight Saving Time'},{zoneName:'Australia\/Currie',gmtOffset:39600,gmtOffsetName:'UTC+11:00',abbreviation:'AEDT',tzName:'Australian Eastern Daylight Saving Time'},{zoneName:'Australia\/Darwin',gmtOffset:34200,gmtOffsetName:'UTC+09:30',abbreviation:'ACST',tzName:'Australian Central Standard Time'},{zoneName:'Australia\/Eucla',gmtOffset:31500,gmtOffsetName:'UTC+08:45',abbreviation:'ACWST',tzName:'Australian Central Western Standard Time (Unofficial)'},{zoneName:'Australia\/Hobart',gmtOffset:39600,gmtOffsetName:'UTC+11:00',abbreviation:'AEDT',tzName:'Australian Eastern Daylight Saving Time'},{zoneName:'Australia\/Lindeman',gmtOffset:36000,gmtOffsetName:'UTC+10:00',abbreviation:'AEST',tzName:'Australian Eastern Standard Time'},{zoneName:'Australia\/Lord_Howe',gmtOffset:39600,gmtOffsetName:'UTC+11:00',abbreviation:'LHST',tzName:'Lord Howe Summer Time'},{zoneName:'Australia\/Melbourne',gmtOffset:39600,gmtOffsetName:'UTC+11:00',abbreviation:'AEDT',tzName:'Australian Eastern Daylight Saving Time'},{zoneName:'Australia\/Perth',gmtOffset:28800,gmtOffsetName:'UTC+08:00',abbreviation:'AWST',tzName:'Australian Western Standard Time'},{zoneName:'Australia\/Sydney',gmtOffset:39600,gmtOffsetName:'UTC+11:00',abbreviation:'AEDT',tzName:'Australian Eastern Daylight Saving Time'}]",-27.00000000,133.00000000,ğŸ‡¦ğŸ‡º
15,Austria,AUT,AT,40,43,EUR,Euro,â‚¬,.at,Ã–sterreich,"[{zoneName:'Europe\/Vienna',gmtOffset:3600,gmtOffsetName:'UTC+01:00',abbreviation:'CET',tzName:'Central European Time'}]",47.33333333,13.33333333,ğŸ‡¦ğŸ‡¹
16,Azerbaijan,AZE,AZ,31,994,AZN,Azerbaijani manat,m,.az,AzÉ™rbaycan,"[{zoneName:'Asia\/Baku',gmtOffset:14400,gmtOffsetName:'UTC+04:00',abbreviation:'AZT',tzName:'Azerbaijan Time'}]",40.50000000,47.50000000,ğŸ‡¦ğŸ‡¿
18,Bahrain,BHR,BH,48,973,BHD,Bahraini dinar,.Ø¯.Ø¨,.bh,Ø§Ù„Ø¨Ø­Ø±ÙŠÙ†,"[{zoneName:'Asia\/Bahrain',gmtOffset:10800,gmtOffsetName:'UTC+03:00',abbreviation:'AST',tzName:'Arabia Standard Time'}]",26.00000000,50.55000000,ğŸ‡§ğŸ‡­
19,Bangladesh,BGD,BD,50,880,BDT,Bangladeshi taka,à§³,.bd,Bangladesh,"[{zoneName:'Asia\/Dhaka',gmtOffset:21600,gmtOffsetName:'UTC+06:00',abbreviation:'BDT',tzName:'Bangladesh Standard Time'}]",24.00000000,90.00000000,ğŸ‡§ğŸ‡©
20,Barbados,BRB,BB,52,+1-246,BBD,Barbadian dollar,Bds$,.bb,Barbados,"[{zoneName:'America\/Barbados',gmtOffset:-14400,gmtOffsetName:'UTC-04:00',abbreviation:'AST',tzName:'Atlantic Standard Time'}]",13.16666666,-59.53333333,ğŸ‡§ğŸ‡§
21,Belarus,BLR,BY,112,375,BYN,Belarusian ruble,Br,.by,Ğ‘ĞµĞ»Ğ°Ñ€ÑƒÌÑÑŒ,"[{zoneName:'Europe\/Minsk',gmtOffset:10800,gmtOffsetName:'UTC+03:00',abbreviation:'MSK',tzName:'Moscow Time'}]",53.00000000,28.00000000,ğŸ‡§ğŸ‡¾
22,Belgium,BEL,BE,56,32,EUR,Euro,â‚¬,.be,BelgiÃ«,"[{zoneName:'Europe\/Brussels',gmtOffset:3600,gmtOffsetName:'UTC+01:00',abbreviation:'CET',tzName:'Central European Time'}]",50.83333333,4.00000000,ğŸ‡§ğŸ‡ª
23,Belize,BLZ,BZ,84,501,BZD,Belize dollar,$,.bz,Belize,"[{zoneName:'America\/Belize',gmtOffset:-21600,gmtOffsetName:'UTC-06:00',abbreviation:'CST',tzName:'Central Standard Time (North America)'}]",17.25000000,-88.75000000,ğŸ‡§ğŸ‡¿
24,Benin,BEN,BJ,204,229,XOF,West African CFA franc,CFA,.bj,BÃ©nin,"[{zoneName:'Africa\/Porto-Novo',gmtOffset:3600,gmtOffsetName:'UTC+01:00',abbreviation:'WAT',tzName:'West Africa Time'}]",9.50000000,2.25000000,ğŸ‡§ğŸ‡¯
25,Bermuda,BMU,BM,60,+1-441,BMD,Bermudian dollar,$,.bm,Bermuda,"[{zoneName:'Atlantic\/Bermuda',gmtOffset:-14400,gmtOffsetName:'UTC-04:00',abbreviation:'AST',tzName:'Atlantic Standard Time'}]",32.33333333,-64.75000000,ğŸ‡§ğŸ‡²
26,Bhutan,BTN,BT,64,975,BTN,Bhutanese ngultrum,Nu.,.bt,Ê¼brug-yul,"[{zoneName:'Asia\/Thimphu',gmtOffset:21600,gmtOffsetName:'UTC+06:00',abbreviation:'BTT',tzName:'Bhutan Time'}]",27.50000000,90.50000000,ğŸ‡§ğŸ‡¹
27,Bolivia,BOL,BO,68,591,BOB,Bolivian boliviano,Bs.,.bo,Bolivia,"[{zoneName:'America\/La_Paz',gmtOffset:-14400,gmtOffsetName:'UTC-04:00',abbreviation:'BOT',tzName:'Bolivia Time'}]",-17.00000000,-65.00000000,ğŸ‡§ğŸ‡´
155,"Bonaire, Sint Eustatius and Saba",BES,BQ,535,599,USD,United States dollar,$,.an,Caribisch Nederland,"[{zoneName:'America\/Anguilla',gmtOffset:-14400,gmtOffsetName:'UTC-04:00',abbreviation:'AST',tzName:'Atlantic Standard Time'}]",12.15000000,-68.26666700,ğŸ‡§ğŸ‡¶
28,Bosnia and Herzegovina,BIH,BA,70,387,BAM,Bosnia and Herzegovina convertible mark,KM,.ba,Bosna i Hercegovina,"[{zoneName:'Europe\/Sarajevo',gmtOffset:3600,gmtOffsetName:'UTC+01:00',abbreviation:'CET',tzName:'Central European Time'}]",44.00000000,18.00000000,ğŸ‡§ğŸ‡¦
29,Botswana,BWA,BW,72,267,BWP,Botswana pula,P,.bw,Botswana,"[{zoneName:'Africa\/Gaborone',gmtOffset:7200,gmtOffsetName:'UTC+02:00',abbreviation:'CAT',tzName:'Central Africa Time'}]",-22.00000000,24.00000000,ğŸ‡§ğŸ‡¼
30,Bouvet Island,BVT,BV,74,55,NOK,Norwegian Krone,kr,.bv,BouvetÃ¸ya,"[{zoneName:'Europe\/Oslo',gmtOffset:3600,gmtOffsetName:'UTC+01:00',abbreviation:'CET',tzName:'Central European Time'}]",-54.43333333,3.40000000,ğŸ‡§ğŸ‡»
31,Brazil,BRA,BR,76,55,BRL,Brazilian real,R$,.br,Brasil,"[{zoneName:'America\/Araguaina',gmtOffset:-10800,gmtOffsetName:'UTC-03:00',abbreviation:'BRT',tzName:'Bras\u00edlia Time'},{zoneName:'America\/Bahia',gmtOffset:-10800,gmtOffsetName:'UTC-03:00',abbreviation:'BRT',tzName:'Bras\u00edlia Time'},{zoneName:'America\/Belem',gmtOffset:-10800,gmtOffsetName:'UTC-03:00',abbreviation:'BRT',tzName:'Bras\u00edlia Time'},{zoneName:'America\/Boa_Vista',gmtOffset:-14400,gmtOffsetName:'UTC-04:00',abbreviation:'AMT',tzName:'Amazon Time (Brazil)[3'},{zoneName:'America\/Campo_Grande',gmtOffset:-14400,gmtOffsetName:'UTC-04:00',abbreviation:'AMT',tzName:'Amazon Time (Brazil)[3'},{zoneName:'America\/Cuiaba',gmtOffset:-14400,gmtOffsetName:'UTC-04:00',abbreviation:'BRT',tzName:'Brasilia Time'},{zoneName:'America\/Eirunepe',gmtOffset:-18000,gmtOffsetName:'UTC-05:00',abbreviation:'ACT',tzName:'Acre Time'},{zoneName:'America\/Fortaleza',gmtOffset:-10800,gmtOffsetName:'UTC-03:00',abbreviation:'BRT',tzName:'Bras\u00edlia Time'},{zoneName:'America\/Maceio',gmtOffset:-10800,gmtOffsetName:'UTC-03:00',abbreviation:'BRT',tzName:'Bras\u00edlia Time'},{zoneName:'America\/Manaus',gmtOffset:-14400,gmtOffsetName:'UTC-04:00',abbreviation:'AMT',tzName:'Amazon Time (Brazil)'},{zoneName:'America\/Noronha',gmtOffset:-7200,gmtOffsetName:'UTC-02:00',abbreviation:'FNT',tzName:'Fernando de Noronha Time'},{zoneName:'America\/Porto_Velho',gmtOffset:-14400,gmtOffsetName:'UTC-04:00',abbreviation:'AMT',tzName:'Amazon Time (Brazil)[3'},{zoneName:'America\/Recife',gmtOffset:-10800,gmtOffsetName:'UTC-03:00',abbreviation:'BRT',tzName:'Bras\u00edlia Time'},{zoneName:'America\/Rio_Branco',gmtOffset:-18000,gmtOffsetName:'UTC-05:00',abbreviation:'ACT',tzName:'Acre Time'},{zoneName:'America\/Santarem',gmtOffset:-10800,gmtOffsetName:'UTC-03:00',abbreviation:'BRT',tzName:'Bras\u00edlia Time'},{zoneName:'America\/Sao_Paulo',gmtOffset:-10800,gmtOffsetName:'UTC-03:00',abbreviation:'BRT',tzName:'Bras\u00edlia Time'}]",-10.00000000,-55.00000000,ğŸ‡§ğŸ‡·
32,British Indian Ocean Territory,IOT,IO,86,246,USD,United States dollar,$,.io,British Indian Ocean Territory,"[{zoneName:'Indian\/Chagos',gmtOffset:21600,gmtOffsetName:'UTC+06:00',abbreviation:'IOT',tzName:'Indian Ocean Time'}]",-6.00000000,71.50000000,ğŸ‡®ğŸ‡´
33,Brunei,BRN,BN,96,673,BND,Brunei dollar,B$,.bn,Negara Brunei Darussalam,"[{zoneName:'Asia\/Brunei',gmtOffset:28800,gmtOffsetName:'UTC+08:00',abbreviation:'BNT',tzName:'Brunei Darussalam Time'}]",4.50000000,114.66666666,ğŸ‡§ğŸ‡³
34,Bulgaria,BGR,BG,100,359,BGN,Bulgarian lev,Ğ›Ğ².,.bg,Ğ‘ÑŠĞ»Ğ³Ğ°Ñ€Ğ¸Ñ,"[{zoneName:'Europe\/Sofia',gmtOffset:7200,gmtOffsetName:'UTC+02:00',abbreviation:'EET',tzName:'Eastern European Time'}]",43.00000000,25.00000000,ğŸ‡§ğŸ‡¬
35,Burkina Faso,BFA,BF,854,226,XOF,West African CFA franc,CFA,.bf,Burkina Faso,"[{zoneName:'Africa\/Ouagadougou',gmtOffset:0,gmtOffsetName:'UTC\u00b100',abbreviation:'GMT',tzName:'Greenwich Mean Time'}]",13.00000000,-2.00000000,ğŸ‡§ğŸ‡«
36,Burundi,BDI,BI,108,257,BIF,Burundian franc,FBu,.bi,Burundi,"[{zoneName:'Africa\/Bujumbura',gmtOffset:7200,gmtOffsetName:'UTC+02:00',abbreviation:'CAT',tzName:'Central Africa Time'}]",-3.50000000,30.00000000,ğŸ‡§ğŸ‡®
37,Cambodia,KHM,KH,116,855,KHR,Cambodian riel,KHR,.kh,KÃ¢mpÅ­chÃ©a,"[{zoneName:'Asia\/Phnom_Penh',gmtOffset:25200,gmtOffsetName:'UTC+07:00',abbreviation:'ICT',tzName:'Indochina Time'}]",13.00000000,105.00000000,ğŸ‡°ğŸ‡­
38,Cameroon,CMR,CM,120,237,XAF,Central African CFA franc,FCFA,.cm,Cameroon,"[{zoneName:'Africa\/Douala',gmtOffset:3600,gmtOffsetName:'UTC+01:00',abbreviation:'WAT',tzName:'West Africa Time'}]",6.00000000,12.00000000,ğŸ‡¨ğŸ‡²
39,Canada,CAN,CA,124,1,CAD,Canadian dollar,$,.ca,Canada,"[{zoneName:'America\/Atikokan',gmtOffset:-18000,gmtOffsetName:'UTC-05:00',abbreviation:'EST',tzName:'Eastern Standard Time (North America)'},{zoneName:'America\/Blanc-Sablon',gmtOffset:-14400,gmtOffsetName:'UTC-04:00',abbreviation:'AST',tzName:'Atlantic Standard Time'},{zoneName:'America\/Cambridge_Bay',gmtOffset:-25200,gmtOffsetName:'UTC-07:00',abbreviation:'MST',tzName:'Mountain Standard Time (North America)'},{zoneName:'America\/Creston',gmtOffset:-25200,gmtOffsetName:'UTC-07:00',abbreviation:'MST',tzName:'Mountain Standard Time (North America)'},{zoneName:'America\/Dawson',gmtOffset:-25200,gmtOffsetName:'UTC-07:00',abbreviation:'MST',tzName:'Mountain Standard Time (North America)'},{zoneName:'America\/Dawson_Creek',gmtOffset:-25200,gmtOffsetName:'UTC-07:00',abbreviation:'MST',tzName:'Mountain Standard Time (North America)'},{zoneName:'America\/Edmonton',gmtOffset:-25200,gmtOffsetName:'UTC-07:00',abbreviation:'MST',tzName:'Mountain Standard Time (North America)'},{zoneName:'America\/Fort_Nelson',gmtOffset:-25200,gmtOffsetName:'UTC-07:00',abbreviation:'MST',tzName:'Mountain Standard Time (North America)'},{zoneName:'America\/Glace_Bay',gmtOffset:-14400,gmtOffsetName:'UTC-04:00',abbreviation:'AST',tzName:'Atlantic Standard Time'},{zoneName:'America\/Goose_Bay',gmtOffset:-14400,gmtOffsetName:'UTC-04:00',abbreviation:'AST',tzName:'Atlantic Standard Time'},{zoneName:'America\/Halifax',gmtOffset:-14400,gmtOffsetName:'UTC-04:00',abbreviation:'AST',tzName:'Atlantic Standard Time'},{zoneName:'America\/Inuvik',gmtOffset:-25200,gmtOffsetName:'UTC-07:00',abbreviation:'MST',tzName:'Mountain Standard Time (North America'},{zoneName:'America\/Iqaluit',gmtOffset:-18000,gmtOffsetName:'UTC-05:00',abbreviation:'EST',tzName:'Eastern Standard Time (North America'},{zoneName:'America\/Moncton',gmtOffset:-14400,gmtOffsetName:'UTC-04:00',abbreviation:'AST',tzName:'Atlantic Standard Time'},{zoneName:'America\/Nipigon',gmtOffset:-18000,gmtOffsetName:'UTC-05:00',abbreviation:'EST',tzName:'Eastern Standard Time (North America'},{zoneName:'America\/Pangnirtung',gmtOffset:-18000,gmtOffsetName:'UTC-05:00',abbreviation:'EST',tzName:'Eastern Standard Time (North America'},{zoneName:'America\/Rainy_River',gmtOffset:-21600,gmtOffsetName:'UTC-06:00',abbreviation:'CST',tzName:'Central Standard Time (North America'},{zoneName:'America\/Rankin_Inlet',gmtOffset:-21600,gmtOffsetName:'UTC-06:00',abbreviation:'CST',tzName:'Central Standard Time (North America'},{zoneName:'America\/Regina',gmtOffset:-21600,gmtOffsetName:'UTC-06:00',abbreviation:'CST',tzName:'Central Standard Time (North America'},{zoneName:'America\/Resolute',gmtOffset:-21600,gmtOffsetName:'UTC-06:00',abbreviation:'CST',tzName:'Central Standard Time (North America'},{zoneName:'America\/St_Johns',gmtOffset:-12600,gmtOffsetName:'UTC-03:30',abbreviation:'NST',tzName:'Newfoundland Standard Time'},{zoneName:'America\/Swift_Current',gmtOffset:-21600,gmtOffsetName:'UTC-06:00',abbreviation:'CST',tzName:'Central Standard Time (North America'},{zoneName:'America\/Thunder_Bay',gmtOffset:-18000,gmtOffsetName:'UTC-05:00',abbreviation:'EST',tzName:'Eastern Standard Time (North America'},{zoneName:'America\/Toronto',gmtOffset:-18000,gmtOffsetName:'UTC-05:00',abbreviation:'EST',tzName:'Eastern Standard Time (North America'},{zoneName:'America\/Vancouver',gmtOffset:-28800,gmtOffsetName:'UTC-08:00',abbreviation:'PST',tzName:'Pacific Standard Time (North America'},{zoneName:'America\/Whitehorse',gmtOffset:-25200,gmtOffsetName:'UTC-07:00',abbreviation:'MST',tzName:'Mountain Standard Time (North America'},{zoneName:'America\/Winnipeg',gmtOffset:-21600,gmtOffsetName:'UTC-06:00',abbreviation:'CST',tzName:'Central Standard Time (North America'},{zoneName:'America\/Yellowknife',gmtOffset:-25200,gmtOffsetName:'UTC-07:00',abbreviation:'MST',tzName:'Mountain Standard Time (North America'}]",60.00000000,-95.00000000,ğŸ‡¨ğŸ‡¦
40,Cape Verde,CPV,CV,132,238,CVE,Cape Verdean escudo,$,.cv,Cabo Verde,"[{zoneName:'Atlantic\/Cape_Verde',gmtOffset:-3600,gmtOffsetName:'UTC-01:00',abbreviation:'CVT',tzName:'Cape Verde Time'}]",16.00000000,-24.00000000,ğŸ‡¨ğŸ‡»
41,Cayman Islands,CYM,KY,136,+1-345,KYD,Cayman Islands dollar,$,.ky,Cayman Islands,"[{zoneName:'America\/Cayman',gmtOffset:-18000,gmtOffsetName:'UTC-05:00',abbreviation:'EST',tzName:'Eastern Standard Time (North America'}]",19.50000000,-80.50000000,ğŸ‡°ğŸ‡¾
42,Central African Republic,CAF,CF,140,236,XAF,Central African CFA franc,FCFA,.cf,KÃ¶dÃ¶rÃ¶sÃªse tÃ® BÃªafrÃ®ka,"[{zoneName:'Africa\/Bangui',gmtOffset:3600,gmtOffsetName:'UTC+01:00',abbreviation:'WAT',tzName:'West Africa Time'}]",7.00000000,21.00000000,ğŸ‡¨ğŸ‡«
43,Chad,TCD,TD,148,235,XAF,Central African CFA franc,FCFA,.td,Tchad,"[{zoneName:'Africa\/Ndjamena',gmtOffset:3600,gmtOffsetName:'UTC+01:00',abbreviation:'WAT',tzName:'West Africa Time'}]",15.00000000,19.00000000,ğŸ‡¹ğŸ‡©
44,Chile,CHL,CL,152,56,CLP,Chilean peso,$,.cl,Chile,"[{zoneName:'America\/Punta_Arenas',gmtOffset:-10800,gmtOffsetName:'UTC-03:00',abbreviation:'CLST',tzName:'Chile Summer Time'},{zoneName:'America\/Santiago',gmtOffset:-10800,gmtOffsetName:'UTC-03:00',abbreviation:'CLST',tzName:'Chile Summer Time'},{zoneName:'Pacific\/Easter',gmtOffset:-18000,gmtOffsetName:'UTC-05:00',abbreviation:'EASST',tzName:'Easter Island Summer Time'}]",-30.00000000,-71.00000000,ğŸ‡¨ğŸ‡±
45,China,CHN,CN,156,86,CNY,Chinese yuan,Â¥,.cn,ä¸­å›½,"[{zoneName:'Asia\/Shanghai',gmtOffset:28800,gmtOffsetName:'UTC+08:00',abbreviation:'CST',tzName:'China Standard Time'},{zoneName:'Asia\/Urumqi',gmtOffset:21600,gmtOffsetName:'UTC+06:00',abbreviation:'XJT',tzName:'China Standard Time'}]",35.00000000,105.00000000,ğŸ‡¨ğŸ‡³
46,Christmas Island,CXR,CX,162,61,AUD,Australian dollar,$,.cx,Christmas Island,"[{zoneName:'Indian\/Christmas',gmtOffset:25200,gmtOffsetName:'UTC+07:00',abbreviation:'CXT',tzName:'Christmas Island Time'}]",-10.50000000,105.66666666,ğŸ‡¨ğŸ‡½
47,Cocos (Keeling) Islands,CCK,CC,166,61,AUD,Australian dollar,$,.cc,Cocos (Keeling) Islands,"[{zoneName:'Indian\/Cocos',gmtOffset:23400,gmtOffsetName:'UTC+06:30',abbreviation:'CCT',tzName:'Cocos Islands Time'}]",-12.50000000,96.83333333,ğŸ‡¨ğŸ‡¨
48,Colombia,COL,CO,170,57,COP,Colombian peso,$,.co,Colombia,"[{zoneName:'America\/Bogota',gmtOffset:-18000,gmtOffsetName:'UTC-05:00',abbreviation:'COT',tzName:'Colombia Time'}]",4.00000000,-72.00000000,ğŸ‡¨ğŸ‡´
49,Comoros,COM,KM,174,269,KMF,Comorian franc,CF,.km,Komori,"[{zoneName:'Indian\/Comoro',gmtOffset:10800,gmtOffsetName:'UTC+03:00',abbreviation:'EAT',tzName:'East Africa Time'}]",-12.16666666,44.25000000,ğŸ‡°ğŸ‡²
50,Congo,COG,CG,178,242,XAF,Central African CFA franc,FC,.cg,RÃ©publique du Congo,"[{zoneName:'Africa\/Brazzaville',gmtOffset:3600,gmtOffsetName:'UTC+01:00',abbreviation:'WAT',tzName:'West Africa Time'}]",-1.00000000,15.00000000,ğŸ‡¨ğŸ‡¬
52,Cook Islands,COK,CK,184,682,NZD,Cook Islands dollar,$,.ck,Cook Islands,"[{zoneName:'Pacific\/Rarotonga',gmtOffset:-36000,gmtOffsetName:'UTC-10:00',abbreviation:'CKT',tzName:'Cook Island Time'}]",-21.23333333,-159.76666666,ğŸ‡¨ğŸ‡°
53,Costa Rica,CRI,CR,188,506,CRC,Costa Rican colÃ³n,â‚¡,.cr,Costa Rica,"[{zoneName:'America\/Costa_Rica',gmtOffset:-21600,gmtOffsetName:'UTC-06:00',abbreviation:'CST',tzName:'Central Standard Time (North America'}]",10.00000000,-84.00000000,ğŸ‡¨ğŸ‡·
54,Cote D'Ivoire (Ivory Coast),CIV,CI,384,225,XOF,West African CFA franc,CFA,.ci,,"[{zoneName:'Africa\/Abidjan',gmtOffset:0,gmtOffsetName:'UTC\u00b100',abbreviation:'GMT',tzName:'Greenwich Mean Time'}]",8.00000000,-5.00000000,ğŸ‡¨ğŸ‡®
55,Croatia,HRV,HR,191,385,HRK,Croatian kuna,kn,.hr,Hrvatska,"[{zoneName:'Europe\/Zagreb',gmtOffset:3600,gmtOffsetName:'UTC+01:00',abbreviation:'CET',tzName:'Central European Time'}]",45.16666666,15.50000000,ğŸ‡­ğŸ‡·
56,Cuba,CUB,CU,192,53,CUP,Cuban peso,$,.cu,Cuba,"[{zoneName:'America\/Havana',gmtOffset:-18000,gmtOffsetName:'UTC-05:00',abbreviation:'CST',tzName:'Cuba Standard Time'}]",21.50000000,-80.00000000,ğŸ‡¨ğŸ‡º
249,CuraÃ§ao,CUW,CW,531,599,ANG,Netherlands Antillean guilder,Æ’,.cw,CuraÃ§ao,"[{zoneName:'America\/Curacao',gmtOffset:-14400,gmtOffsetName:'UTC-04:00',abbreviation:'AST',tzName:'Atlantic Standard Time'}]",12.11666700,-68.93333300,ğŸ‡¨ğŸ‡¼
57,Cyprus,CYP,CY,196,357,EUR,Euro,â‚¬,.cy,ÎšÏÏ€ÏÎ¿Ï‚,"[{zoneName:'Asia\/Famagusta',gmtOffset:7200,gmtOffsetName:'UTC+02:00',abbreviation:'EET',tzName:'Eastern European Time'},{zoneName:'Asia\/Nicosia',gmtOffset:7200,gmtOffsetName:'UTC+02:00',abbreviation:'EET',tzName:'Eastern European Time'}]",35.00000000,33.00000000,ğŸ‡¨ğŸ‡¾
58,Czech Republic,CZE,CZ,203,420,CZK,Czech koruna,KÄ,.cz,ÄŒeskÃ¡ republika,,49.75000000,15.50000000,ğŸ‡¨ğŸ‡¿
51,Democratic Republic of the Congo,COD,CD,180,243,CDF,Congolese Franc,FC,.cd,RÃ©publique dÃ©mocratique du Congo,"[{zoneName:'Africa\/Kinshasa',gmtOffset:3600,gmtOffsetName:'UTC+01:00',abbreviation:'WAT',tzName:'West Africa Time'},{zoneName:'Africa\/Lubumbashi',gmtOffset:7200,gmtOffsetName:'UTC+02:00',abbreviation:'CAT',tzName:'Central Africa Time'}]",0.00000000,25.00000000,ğŸ‡¨ğŸ‡©
59,Denmark,DNK,DK,208,45,DKK,Danish krone,Kr.,.dk,Danmark,"[{zoneName:'Europe\/Copenhagen',gmtOffset:3600,gmtOffsetName:'UTC+01:00',abbreviation:'CET',tzName:'Central European Time'}]",56.00000000,10.00000000,ğŸ‡©ğŸ‡°
60,Djibouti,DJI,DJ,262,253,DJF,Djiboutian franc,Fdj,.dj,Djibouti,"[{zoneName:'Africa\/Djibouti',gmtOffset:10800,gmtOffsetName:'UTC+03:00',abbreviation:'EAT',tzName:'East Africa Time'}]",11.50000000,43.00000000,ğŸ‡©ğŸ‡¯
61,Dominica,DMA,DM,212,+1-767,XCD,Eastern Caribbean dollar,$,.dm,Dominica,"[{zoneName:'America\/Dominica',gmtOffset:-14400,gmtOffsetName:'UTC-04:00',abbreviation:'AST',tzName:'Atlantic Standard Time'}]",15.41666666,-61.33333333,ğŸ‡©ğŸ‡²
62,Dominican Republic,DOM,DO,214,+1-809 and 1-829,DOP,Dominican peso,$,.do,RepÃºblica Dominicana,"[{zoneName:'America\/Santo_Domingo',gmtOffset:-14400,gmtOffsetName:'UTC-04:00',abbreviation:'AST',tzName:'Atlantic Standard Time'}]",19.00000000,-70.66666666,ğŸ‡©ğŸ‡´
64,Ecuador,ECU,EC,218,593,USD,United States dollar,$,.ec,Ecuador,"[{zoneName:'America\/Guayaquil',gmtOffset:-18000,gmtOffsetName:'UTC-05:00',abbreviation:'ECT',tzName:'Ecuador Time'},{zoneName:'Pacific\/Galapagos',gmtOffset:-21600,gmtOffsetName:'UTC-06:00',abbreviation:'GALT',tzName:'Gal\u00e1pagos Time'}]",-2.00000000,-77.50000000,ğŸ‡ªğŸ‡¨
65,Egypt,EGY,EG,818,20,EGP,Egyptian pound,Ø¬.Ù…,.eg,Ù…ØµØ±,"[{zoneName:'Africa\/Cairo',gmtOffset:7200,gmtOffsetName:'UTC+02:00',abbreviation:'EET',tzName:'Eastern European Time'}]",27.00000000,30.00000000,ğŸ‡ªğŸ‡¬
66,El Salvador,SLV,SV,222,503,USD,United States dollar,$,.sv,El Salvador,"[{zoneName:'America\/El_Salvador',gmtOffset:-21600,gmtOffsetName:'UTC-06:00',abbreviation:'CST',tzName:'Central Standard Time (North America'}]",13.83333333,-88.91666666,ğŸ‡¸ğŸ‡»
67,Equatorial Guinea,GNQ,GQ,226,240,XAF,Central African CFA franc,FCFA,.gq,Guinea Ecuatorial,"[{zoneName:'Africa\/Malabo',gmtOffset:3600,gmtOffsetName:'UTC+01:00',abbreviation:'WAT',tzName:'West Africa Time'}]",2.00000000,10.00000000,ğŸ‡¬ğŸ‡¶
68,Eritrea,ERI,ER,232,291,ERN,Eritrean nakfa,Nfk,.er,áŠ¤áˆ­á‰µáˆ«,"[{zoneName:'Africa\/Asmara',gmtOffset:10800,gmtOffsetName:'UTC+03:00',abbreviation:'EAT',tzName:'East Africa Time'}]",15.00000000,39.00000000,ğŸ‡ªğŸ‡·
69,Estonia,EST,EE,233,372,EUR,Euro,â‚¬,.ee,Eesti,"[{zoneName:'Europe\/Tallinn',gmtOffset:7200,gmtOffsetName:'UTC+02:00',abbreviation:'EET',tzName:'Eastern European Time'}]",59.00000000,26.00000000,ğŸ‡ªğŸ‡ª
212,Eswatini,SWZ,SZ,748,268,SZL,Lilangeni,E,.sz,Swaziland,"[{zoneName:'Africa\/Mbabane',gmtOffset:7200,gmtOffsetName:'UTC+02:00',abbreviation:'SAST',tzName:'South African Standard Time'}]",-26.50000000,31.50000000,ğŸ‡¸ğŸ‡¿
70,Ethiopia,ETH,ET,231,251,ETB,Ethiopian birr,Nkf,.et,áŠ¢á‰µá‹®áŒµá‹«,"[{zoneName:'Africa\/Addis_Ababa',gmtOffset:10800,gmtOffsetName:'UTC+03:00',abbreviation:'EAT',tzName:'East Africa Time'}]",8.00000000,38.00000000,ğŸ‡ªğŸ‡¹
71,Falkland Islands,FLK,FK,238,500,FKP,Falkland Islands pound,Â£,.fk,Falkland Islands,"[{zoneName:'Atlantic\/Stanley',gmtOffset:-10800,gmtOffsetName:'UTC-03:00',abbreviation:'FKST',tzName:'Falkland Islands Summer Time'}]",-51.75000000,-59.00000000,ğŸ‡«ğŸ‡°
72,Faroe Islands,FRO,FO,234,298,DKK,Danish krone,Kr.,.fo,FÃ¸royar,"[{zoneName:'Atlantic\/Faroe',gmtOffset:0,gmtOffsetName:'UTC\u00b100',abbreviation:'WET',tzName:'Western European Time'}]",62.00000000,-7.00000000,ğŸ‡«ğŸ‡´
73,Fiji Islands,FJI,FJ,242,679,FJD,Fijian dollar,FJ$,.fj,Fiji,"[{zoneName:'Pacific\/Fiji',gmtOffset:43200,gmtOffsetName:'UTC+12:00',abbreviation:'FJT',tzName:'Fiji Time'}]",-18.00000000,175.00000000,ğŸ‡«ğŸ‡¯
74,Finland,FIN,FI,246,358,EUR,Euro,â‚¬,.fi,Suomi,"[{zoneName:'Europe\/Helsinki',gmtOffset:7200,gmtOffsetName:'UTC+02:00',abbreviation:'EET',tzName:'Eastern European Time'}]",64.00000000,26.00000000,ğŸ‡«ğŸ‡®
75,France,FRA,FR,250,33,EUR,Euro,â‚¬,.fr,France,"[{zoneName:'Europe\/Paris',gmtOffset:3600,gmtOffsetName:'UTC+01:00',abbreviation:'CET',tzName:'Central European Time'}]",46.00000000,2.00000000,ğŸ‡«ğŸ‡·
76,French Guiana,GUF,GF,254,594,EUR,Euro,â‚¬,.gf,Guyane franÃ§aise,"[{zoneName:'America\/Cayenne',gmtOffset:-10800,gmtOffsetName:'UTC-03:00',abbreviation:'GFT',tzName:'French Guiana Time'}]",4.00000000,-53.00000000,ğŸ‡¬ğŸ‡«
77,French Polynesia,PYF,PF,258,689,XPF,CFP franc,â‚£,.pf,PolynÃ©sie franÃ§aise,"[{zoneName:'Pacific\/Gambier',gmtOffset:-32400,gmtOffsetName:'UTC-09:00',abbreviation:'GAMT',tzName:'Gambier Islands Time'},{zoneName:'Pacific\/Marquesas',gmtOffset:-34200,gmtOffsetName:'UTC-09:30',abbreviation:'MART',tzName:'Marquesas Islands Time'},{zoneName:'Pacific\/Tahiti',gmtOffset:-36000,gmtOffsetName:'UTC-10:00',abbreviation:'TAHT',tzName:'Tahiti Time'}]",-15.00000000,-140.00000000,ğŸ‡µğŸ‡«
78,French Southern Territories,ATF,TF,260,262,EUR,Euro,â‚¬,.tf,Territoire des Terres australes et antarctiques fr,"[{zoneName:'Indian\/Kerguelen',gmtOffset:18000,gmtOffsetName:'UTC+05:00',abbreviation:'TFT',tzName:'French Southern and Antarctic Time'}]",-49.25000000,69.16700000,ğŸ‡¹ğŸ‡«
79,Gabon,GAB,GA,266,241,XAF,Central African CFA franc,FCFA,.ga,Gabon,"[{zoneName:'Africa\/Libreville',gmtOffset:3600,gmtOffsetName:'UTC+01:00',abbreviation:'WAT',tzName:'West Africa Time'}]",-1.00000000,11.75000000,ğŸ‡¬ğŸ‡¦
80,Gambia The,GMB,GM,270,220,GMD,Gambian dalasi,D,.gm,Gambia,"[{zoneName:'Africa\/Banjul',gmtOffset:0,gmtOffsetName:'UTC\u00b100',abbreviation:'GMT',tzName:'Greenwich Mean Time'}]",13.46666666,-16.56666666,ğŸ‡¬ğŸ‡²
81,Georgia,GEO,GE,268,995,GEL,Georgian lari,áƒš,.ge,áƒ¡áƒáƒ¥áƒáƒ áƒ—áƒ•áƒ”áƒšáƒ,"[{zoneName:'Asia\/Tbilisi',gmtOffset:14400,gmtOffsetName:'UTC+04:00',abbreviation:'GET',tzName:'Georgia Standard Time'}]",42.00000000,43.50000000,ğŸ‡¬ğŸ‡ª
82,Germany,DEU,DE,276,49,EUR,Euro,â‚¬,.de,Deutschland,"[{zoneName:'Europe\/Berlin',gmtOffset:3600,gmtOffsetName:'UTC+01:00',abbreviation:'CET',tzName:'Central European Time'},{zoneName:'Europe\/Busingen',gmtOffset:3600,gmtOffsetName:'UTC+01:00',abbreviation:'CET',tzName:'Central European Time'}]",51.00000000,9.00000000,ğŸ‡©ğŸ‡ª
83,Ghana,GHA,GH,288,233,GHS,Ghanaian cedi,GHâ‚µ,.gh,Ghana,"[{zoneName:'Africa\/Accra',gmtOffset:0,gmtOffsetName:'UTC\u00b100',abbreviation:'GMT',tzName:'Greenwich Mean Time'}]",8.00000000,-2.00000000,ğŸ‡¬ğŸ‡­
84,Gibraltar,GIB,GI,292,350,GIP,Gibraltar pound,Â£,.gi,Gibraltar,"[{zoneName:'Europe\/Gibraltar',gmtOffset:3600,gmtOffsetName:'UTC+01:00',abbreviation:'CET',tzName:'Central European Time'}]",36.13333333,-5.35000000,ğŸ‡¬ğŸ‡®
85,Greece,GRC,GR,300,30,EUR,Euro,â‚¬,.gr,Î•Î»Î»Î¬Î´Î±,"[{zoneName:'Europe\/Athens',gmtOffset:7200,gmtOffsetName:'UTC+02:00',abbreviation:'EET',tzName:'Eastern European Time'}]",39.00000000,22.00000000,ğŸ‡¬ğŸ‡·
86,Greenland,GRL,GL,304,299,DKK,Danish krone,Kr.,.gl,Kalaallit Nunaat,"[{zoneName:'America\/Danmarkshavn',gmtOffset:0,gmtOffsetName:'UTC\u00b100',abbreviation:'GMT',tzName:'Greenwich Mean Time'},{zoneName:'America\/Nuuk',gmtOffset:-10800,gmtOffsetName:'UTC-03:00',abbreviation:'WGT',tzName:'West Greenland Time'},{zoneName:'America\/Scoresbysund',gmtOffset:-3600,gmtOffsetName:'UTC-01:00',abbreviation:'EGT',tzName:'Eastern Greenland Time'},{zoneName:'America\/Thule',gmtOffset:-14400,gmtOffsetName:'UTC-04:00',abbreviation:'AST',tzName:'Atlantic Standard Time'}]",72.00000000,-40.00000000,ğŸ‡¬ğŸ‡±
87,Grenada,GRD,GD,308,+1-473,XCD,Eastern Caribbean dollar,$,.gd,Grenada,"[{zoneName:'America\/Grenada',gmtOffset:-14400,gmtOffsetName:'UTC-04:00',abbreviation:'AST',tzName:'Atlantic Standard Time'}]",12.11666666,-61.66666666,ğŸ‡¬ğŸ‡©
88,Guadeloupe,GLP,GP,312,590,EUR,Euro,â‚¬,.gp,Guadeloupe,"[{zoneName:'America\/Guadeloupe',gmtOffset:-14400,gmtOffsetName:'UTC-04:00',abbreviation:'AST',tzName:'Atlantic Standard Time'}]",16.25000000,-61.58333300,ğŸ‡¬ğŸ‡µ
89,Guam,GUM,GU,316,+1-671,USD,US Dollar,$,.gu,Guam,"[{zoneName:'Pacific\/Guam',gmtOffset:36000,gmtOffsetName:'UTC+10:00',abbreviation:'CHST',tzName:'Chamorro Standard Time'}]",13.46666666,144.78333333,ğŸ‡¬ğŸ‡º
90,Guatemala,GTM,GT,320,502,GTQ,Guatemalan quetzal,Q,.gt,Guatemala,"[{zoneName:'America\/Guatemala',gmtOffset:-21600,gmtOffsetName:'UTC-06:00',abbreviation:'CST',tzName:'Central Standard Time (North America'}]",15.50000000,-90.25000000,ğŸ‡¬ğŸ‡¹
91,Guernsey and Alderney,GGY,GG,831,+44-1481,GBP,British pound,Â£,.gg,Guernsey,"[{zoneName:'Europe\/Guernsey',gmtOffset:0,gmtOffsetName:'UTC\u00b100',abbreviation:'GMT',tzName:'Greenwich Mean Time'}]",49.46666666,-2.58333333,ğŸ‡¬ğŸ‡¬
92,Guinea,GIN,GN,324,224,GNF,Guinean franc,FG,.gn,GuinÃ©e,"[{zoneName:'Africa\/Conakry',gmtOffset:0,gmtOffsetName:'UTC\u00b100',abbreviation:'GMT',tzName:'Greenwich Mean Time'}]",11.00000000,-10.00000000,ğŸ‡¬ğŸ‡³
93,Guinea-Bissau,GNB,GW,624,245,XOF,West African CFA franc,CFA,.gw,GuinÃ©-Bissau,"[{zoneName:'Africa\/Bissau',gmtOffset:0,gmtOffsetName:'UTC\u00b100',abbreviation:'GMT',tzName:'Greenwich Mean Time'}]",12.00000000,-15.00000000,ğŸ‡¬ğŸ‡¼
94,Guyana,GUY,GY,328,592,GYD,Guyanese dollar,$,.gy,Guyana,"[{zoneName:'America\/Guyana',gmtOffset:-14400,gmtOffsetName:'UTC-04:00',abbreviation:'GYT',tzName:'Guyana Time'}]",5.00000000,-59.00000000,ğŸ‡¬ğŸ‡¾
95,Haiti,HTI,HT,332,509,HTG,Haitian gourde,G,.ht,HaÃ¯ti,"[{zoneName:'America\/Port-au-Prince',gmtOffset:-18000,gmtOffsetName:'UTC-05:00',abbreviation:'EST',tzName:'Eastern Standard Time (North America'}]",19.00000000,-72.41666666,ğŸ‡­ğŸ‡¹
96,Heard Island and McDonald Islands,HMD,HM,334,672,AUD,Australian dollar,$,.hm,Heard Island and McDonald Islands,"[{zoneName:'Indian\/Kerguelen',gmtOffset:18000,gmtOffsetName:'UTC+05:00',abbreviation:'TFT',tzName:'French Southern and Antarctic Time'}]",-53.10000000,72.51666666,ğŸ‡­ğŸ‡²
97,Honduras,HND,HN,340,504,HNL,Honduran lempira,L,.hn,Honduras,"[{zoneName:'America\/Tegucigalpa',gmtOffset:-21600,gmtOffsetName:'UTC-06:00',abbreviation:'CST',tzName:'Central Standard Time (North America'}]",15.00000000,-86.50000000,ğŸ‡­ğŸ‡³
98,Hong Kong S.A.R.,HKG,HK,344,852,HKD,Hong Kong dollar,$,.hk,é¦™æ¸¯,"[{zoneName:'Asia\/Hong_Kong',gmtOffset:28800,gmtOffsetName:'UTC+08:00',abbreviation:'HKT',tzName:'Hong Kong Time'}]",22.25000000,114.16666666,ğŸ‡­ğŸ‡°
99,Hungary,HUN,HU,348,36,HUF,Hungarian forint,Ft,.hu,MagyarorszÃ¡g,"[{zoneName:'Europe\/Budapest',gmtOffset:3600,gmtOffsetName:'UTC+01:00',abbreviation:'CET',tzName:'Central European Time'}]",47.00000000,20.00000000,ğŸ‡­ğŸ‡º
100,Iceland,ISL,IS,352,354,ISK,Icelandic krÃ³na,kr,.is,Ãsland,"[{zoneName:'Atlantic\/Reykjavik',gmtOffset:0,gmtOffsetName:'UTC\u00b100',abbreviation:'GMT',tzName:'Greenwich Mean Time'}]",65.00000000,-18.00000000,ğŸ‡®ğŸ‡¸
101,India,IND,IN,356,91,INR,Indian rupee,â‚¹,.in,à¤­à¤¾à¤°à¤¤,"[{zoneName:'Asia\/Kolkata',gmtOffset:19800,gmtOffsetName:'UTC+05:30',abbreviation:'IST',tzName:'Indian Standard Time'}]",20.00000000,77.00000000,ğŸ‡®ğŸ‡³
102,Indonesia,IDN,ID,360,62,IDR,Indonesian rupiah,Rp,.id,Indonesia,"[{zoneName:'Asia\/Jakarta',gmtOffset:25200,gmtOffsetName:'UTC+07:00',abbreviation:'WIB',tzName:'Western Indonesian Time'},{zoneName:'Asia\/Jayapura',gmtOffset:32400,gmtOffsetName:'UTC+09:00',abbreviation:'WIT',tzName:'Eastern Indonesian Time'},{zoneName:'Asia\/Makassar',gmtOffset:28800,gmtOffsetName:'UTC+08:00',abbreviation:'WITA',tzName:'Central Indonesia Time'},{zoneName:'Asia\/Pontianak',gmtOffset:25200,gmtOffsetName:'UTC+07:00',abbreviation:'WIB',tzName:'Western Indonesian Time'}]",-5.00000000,120.00000000,ğŸ‡®ğŸ‡©
103,Iran,IRN,IR,364,98,IRR,Iranian rial,ï·¼,.ir,Ø§ÛŒØ±Ø§Ù†,"[{zoneName:'Asia\/Tehran',gmtOffset:12600,gmtOffsetName:'UTC+03:30',abbreviation:'IRDT',tzName:'Iran Daylight Time'}]",32.00000000,53.00000000,ğŸ‡®ğŸ‡·
104,Iraq,IRQ,IQ,368,964,IQD,Iraqi dinar,Ø¯.Ø¹,.iq,Ø§Ù„Ø¹Ø±Ø§Ù‚,"[{zoneName:'Asia\/Baghdad',gmtOffset:10800,gmtOffsetName:'UTC+03:00',abbreviation:'AST',tzName:'Arabia Standard Time'}]",33.00000000,44.00000000,ğŸ‡®ğŸ‡¶
105,Ireland,IRL,IE,372,353,EUR,Euro,â‚¬,.ie,Ã‰ire,"[{zoneName:'Europe\/Dublin',gmtOffset:0,gmtOffsetName:'UTC\u00b100',abbreviation:'GMT',tzName:'Greenwich Mean Time'}]",53.00000000,-8.00000000,ğŸ‡®ğŸ‡ª
106,Israel,ISR,IL,376,972,ILS,Israeli new shekel,â‚ª,.il,×™Ö´×©Ö°×‚×¨Ö¸×Öµ×œ,"[{zoneName:'Asia\/Jerusalem',gmtOffset:7200,gmtOffsetName:'UTC+02:00',abbreviation:'IST',tzName:'Israel Standard Time'}]",31.50000000,34.75000000,ğŸ‡®ğŸ‡±
107,Italy,ITA,IT,380,39,EUR,Euro,â‚¬,.it,Italia,"[{zoneName:'Europe\/Rome',gmtOffset:3600,gmtOffsetName:'UTC+01:00',abbreviation:'CET',tzName:'Central European Time'}]",42.83333333,12.83333333,ğŸ‡®ğŸ‡¹
108,Jamaica,JAM,JM,388,+1-876,JMD,Jamaican dollar,J$,.jm,Jamaica,"[{zoneName:'America\/Jamaica',gmtOffset:-18000,gmtOffsetName:'UTC-05:00',abbreviation:'EST',tzName:'Eastern Standard Time (North America'}]",18.25000000,-77.50000000,ğŸ‡¯ğŸ‡²
109,Japan,JPN,JP,392,81,JPY,Japanese yen,Â¥,.jp,æ—¥æœ¬,"[{zoneName:'Asia\/Tokyo',gmtOffset:32400,gmtOffsetName:'UTC+09:00',abbreviation:'JST',tzName:'Japan Standard Time'}]",36.00000000,138.00000000,ğŸ‡¯ğŸ‡µ
110,Jersey,JEY,JE,832,+44-1534,GBP,British pound,Â£,.je,Jersey,"[{zoneName:'Europe\/Jersey',gmtOffset:0,gmtOffsetName:'UTC\u00b100',abbreviation:'GMT',tzName:'Greenwich Mean Time'}]",49.25000000,-2.16666666,ğŸ‡¯ğŸ‡ª
111,Jordan,JOR,JO,400,962,JOD,Jordanian dinar,Ø§.Ø¯,.jo,Ø§Ù„Ø£Ø±Ø¯Ù†,"[{zoneName:'Asia\/Amman',gmtOffset:7200,gmtOffsetName:'UTC+02:00',abbreviation:'EET',tzName:'Eastern European Time'}]",31.00000000,36.00000000,ğŸ‡¯ğŸ‡´
112,Kazakhstan,KAZ,KZ,398,7,KZT,Kazakhstani tenge,Ğ»Ğ²,.kz,ÒšĞ°Ğ·Ğ°Ò›ÑÑ‚Ğ°Ğ½,"[{zoneName:'Asia\/Almaty',gmtOffset:21600,gmtOffsetName:'UTC+06:00',abbreviation:'ALMT',tzName:'Alma-Ata Time[1'},{zoneName:'Asia\/Aqtau',gmtOffset:18000,gmtOffsetName:'UTC+05:00',abbreviation:'AQTT',tzName:'Aqtobe Time'},{zoneName:'Asia\/Aqtobe',gmtOffset:18000,gmtOffsetName:'UTC+05:00',abbreviation:'AQTT',tzName:'Aqtobe Time'},{zoneName:'Asia\/Atyrau',gmtOffset:18000,gmtOffsetName:'UTC+05:00',abbreviation:'MSD+1',tzName:'Moscow Daylight Time+1'},{zoneName:'Asia\/Oral',gmtOffset:18000,gmtOffsetName:'UTC+05:00',abbreviation:'ORAT',tzName:'Oral Time'},{zoneName:'Asia\/Qostanay',gmtOffset:21600,gmtOffsetName:'UTC+06:00',abbreviation:'QYZST',tzName:'Qyzylorda Summer Time'},{zoneName:'Asia\/Qyzylorda',gmtOffset:18000,gmtOffsetName:'UTC+05:00',abbreviation:'QYZT',tzName:'Qyzylorda Summer Time'}]",48.00000000,68.00000000,ğŸ‡°ğŸ‡¿
113,Kenya,KEN,KE,404,254,KES,Kenyan shilling,KSh,.ke,Kenya,"[{zoneName:'Africa\/Nairobi',gmtOffset:10800,gmtOffsetName:'UTC+03:00',abbreviation:'EAT',tzName:'East Africa Time'}]",1.00000000,38.00000000,ğŸ‡°ğŸ‡ª
114,Kiribati,KIR,KI,296,686,AUD,Australian dollar,$,.ki,Kiribati,"[{zoneName:'Pacific\/Enderbury',gmtOffset:46800,gmtOffsetName:'UTC+13:00',abbreviation:'PHOT',tzName:'Phoenix Island Time'},{zoneName:'Pacific\/Kiritimati',gmtOffset:50400,gmtOffsetName:'UTC+14:00',abbreviation:'LINT',tzName:'Line Islands Time'},{zoneName:'Pacific\/Tarawa',gmtOffset:43200,gmtOffsetName:'UTC+12:00',abbreviation:'GILT',tzName:'Gilbert Island Time'}]",1.41666666,173.00000000,ğŸ‡°ğŸ‡®
248,Kosovo,XKX,XK,926,383,EUR,Euro,â‚¬,.xk,Republika e KosovÃ«s,"[{zoneName:'Europe\/Belgrade',gmtOffset:3600,gmtOffsetName:'UTC+01:00',abbreviation:'CET',tzName:'Central European Time'}]",42.56129090,20.34030350,ğŸ‡½ğŸ‡°
117,Kuwait,KWT,KW,414,965,KWD,Kuwaiti dinar,Ùƒ.Ø¯,.kw,Ø§Ù„ÙƒÙˆÙŠØª,"[{zoneName:'Asia\/Kuwait',gmtOffset:10800,gmtOffsetName:'UTC+03:00',abbreviation:'AST',tzName:'Arabia Standard Time'}]",29.50000000,45.75000000,ğŸ‡°ğŸ‡¼
118,Kyrgyzstan,KGZ,KG,417,996,KGS,Kyrgyzstani som,Ğ»Ğ²,.kg,ĞšÑ‹Ñ€Ğ³Ñ‹Ğ·ÑÑ‚Ğ°Ğ½,"[{zoneName:'Asia\/Bishkek',gmtOffset:21600,gmtOffsetName:'UTC+06:00',abbreviation:'KGT',tzName:'Kyrgyzstan Time'}]",41.00000000,75.00000000,ğŸ‡°ğŸ‡¬
119,Laos,LAO,LA,418,856,LAK,Lao kip,â‚­,.la,àºªàº›àº›àº¥àº²àº§,"[{zoneName:'Asia\/Vientiane',gmtOffset:25200,gmtOffsetName:'UTC+07:00',abbreviation:'ICT',tzName:'Indochina Time'}]",18.00000000,105.00000000,ğŸ‡±ğŸ‡¦
120,Latvia,LVA,LV,428,371,EUR,Euro,â‚¬,.lv,Latvija,"[{zoneName:'Europe\/Riga',gmtOffset:7200,gmtOffsetName:'UTC+02:00',abbreviation:'EET',tzName:'Eastern European Time'}]",57.00000000,25.00000000,ğŸ‡±ğŸ‡»
121,Lebanon,LBN,LB,422,961,LBP,Lebanese pound,Â£,.lb,Ù„Ø¨Ù†Ø§Ù†,"[{zoneName:'Asia\/Beirut',gmtOffset:7200,gmtOffsetName:'UTC+02:00',abbreviation:'EET',tzName:'Eastern European Time'}]",33.83333333,35.83333333,ğŸ‡±ğŸ‡§
122,Lesotho,LSO,LS,426,266,LSL,Lesotho loti,L,.ls,Lesotho,"[{zoneName:'Africa\/Maseru',gmtOffset:7200,gmtOffsetName:'UTC+02:00',abbreviation:'SAST',tzName:'South African Standard Time'}]",-29.50000000,28.50000000,ğŸ‡±ğŸ‡¸
123,Liberia,LBR,LR,430,231,LRD,Liberian dollar,$,.lr,Liberia,"[{zoneName:'Africa\/Monrovia',gmtOffset:0,gmtOffsetName:'UTC\u00b100',abbreviation:'GMT',tzName:'Greenwich Mean Time'}]",6.50000000,-9.50000000,ğŸ‡±ğŸ‡·
124,Libya,LBY,LY,434,218,LYD,Libyan dinar,Ø¯.Ù„,.ly,Ù„ÙŠØ¨ÙŠØ§,"[{zoneName:'Africa\/Tripoli',gmtOffset:7200,gmtOffsetName:'UTC+02:00',abbreviation:'EET',tzName:'Eastern European Time'}]",25.00000000,17.00000000,ğŸ‡±ğŸ‡¾
125,Liechtenstein,LIE,LI,438,423,CHF,Swiss franc,CHf,.li,Liechtenstein,"[{zoneName:'Europe\/Vaduz',gmtOffset:3600,gmtOffsetName:'UTC+01:00',abbreviation:'CET',tzName:'Central European Time'}]",47.26666666,9.53333333,ğŸ‡±ğŸ‡®
126,Lithuania,LTU,LT,440,370,EUR,Euro,â‚¬,.lt,Lietuva,"[{zoneName:'Europe\/Vilnius',gmtOffset:7200,gmtOffsetName:'UTC+02:00',abbreviation:'EET',tzName:'Eastern European Time'}]",56.00000000,24.00000000,ğŸ‡±ğŸ‡¹
127,Luxembourg,LUX,LU,442,352,EUR,Euro,â‚¬,.lu,Luxembourg,"[{zoneName:'Europe\/Luxembourg',gmtOffset:3600,gmtOffsetName:'UTC+01:00',abbreviation:'CET',tzName:'Central European Time'}]",49.75000000,6.16666666,ğŸ‡±ğŸ‡º
128,Macau S.A.R.,MAC,MO,446,853,MOP,Macanese pataca,$,.mo,æ¾³é–€,"[{zoneName:'Asia\/Macau',gmtOffset:28800,gmtOffsetName:'UTC+08:00',abbreviation:'CST',tzName:'China Standard Time'}]",22.16666666,113.55000000,ğŸ‡²ğŸ‡´
130,Madagascar,MDG,MG,450,261,MGA,Malagasy ariary,Ar,.mg,Madagasikara,"[{zoneName:'Indian\/Antananarivo',gmtOffset:10800,gmtOffsetName:'UTC+03:00',abbreviation:'EAT',tzName:'East Africa Time'}]",-20.00000000,47.00000000,ğŸ‡²ğŸ‡¬
131,Malawi,MWI,MW,454,265,MWK,Malawian kwacha,MK,.mw,Malawi,"[{zoneName:'Africa\/Blantyre',gmtOffset:7200,gmtOffsetName:'UTC+02:00',abbreviation:'CAT',tzName:'Central Africa Time'}]",-13.50000000,34.00000000,ğŸ‡²ğŸ‡¼
132,Malaysia,MYS,MY,458,60,MYR,Malaysian ringgit,RM,.my,Malaysia,"[{zoneName:'Asia\/Kuala_Lumpur',gmtOffset:28800,gmtOffsetName:'UTC+08:00',abbreviation:'MYT',tzName:'Malaysia Time'},{zoneName:'Asia\/Kuching',gmtOffset:28800,gmtOffsetName:'UTC+08:00',abbreviation:'MYT',tzName:'Malaysia Time'}]",2.50000000,112.50000000,ğŸ‡²ğŸ‡¾
133,Maldives,MDV,MV,462,960,MVR,Maldivian rufiyaa,Rf,.mv,Maldives,"[{zoneName:'Indian\/Maldives',gmtOffset:18000,gmtOffsetName:'UTC+05:00',abbreviation:'MVT',tzName:'Maldives Time'}]",3.25000000,73.00000000,ğŸ‡²ğŸ‡»
134,Mali,MLI,ML,466,223,XOF,West African CFA franc,CFA,.ml,Mali,"[{zoneName:'Africa\/Bamako',gmtOffset:0,gmtOffsetName:'UTC\u00b100',abbreviation:'GMT',tzName:'Greenwich Mean Time'}]",17.00000000,-4.00000000,ğŸ‡²ğŸ‡±
135,Malta,MLT,MT,470,356,EUR,Euro,â‚¬,.mt,Malta,"[{zoneName:'Europe\/Malta',gmtOffset:3600,gmtOffsetName:'UTC+01:00',abbreviation:'CET',tzName:'Central European Time'}]",35.83333333,14.58333333,ğŸ‡²ğŸ‡¹
136,Man (Isle of),IMN,IM,833,+44-1624,GBP,British pound,Â£,.im,Isle of Man,"[{zoneName:'Europe\/Isle_of_Man',gmtOffset:0,gmtOffsetName:'UTC\u00b100',abbreviation:'GMT',tzName:'Greenwich Mean Time'}]",54.25000000,-4.50000000,ğŸ‡®ğŸ‡²
137,Marshall Islands,MHL,MH,584,692,USD,United States dollar,$,.mh,MÌ§ajeÄ¼,"[{zoneName:'Pacific\/Kwajalein',gmtOffset:43200,gmtOffsetName:'UTC+12:00',abbreviation:'MHT',tzName:'Marshall Islands Time'},{zoneName:'Pacific\/Majuro',gmtOffset:43200,gmtOffsetName:'UTC+12:00',abbreviation:'MHT',tzName:'Marshall Islands Time'}]",9.00000000,168.00000000,ğŸ‡²ğŸ‡­
138,Martinique,MTQ,MQ,474,596,EUR,Euro,â‚¬,.mq,Martinique,"[{zoneName:'America\/Martinique',gmtOffset:-14400,gmtOffsetName:'UTC-04:00',abbreviation:'AST',tzName:'Atlantic Standard Time'}]",14.66666700,-61.00000000,ğŸ‡²ğŸ‡¶
139,Mauritania,MRT,MR,478,222,MRO,Mauritanian ouguiya,MRU,.mr,Ù…ÙˆØ±ÙŠØªØ§Ù†ÙŠØ§,"[{zoneName:'Africa\/Nouakchott',gmtOffset:0,gmtOffsetName:'UTC\u00b100',abbreviation:'GMT',tzName:'Greenwich Mean Time'}]",20.00000000,-12.00000000,ğŸ‡²ğŸ‡·
140,Mauritius,MUS,MU,480,230,MUR,Mauritian rupee,â‚¨,.mu,Maurice,"[{zoneName:'Indian\/Mauritius',gmtOffset:14400,gmtOffsetName:'UTC+04:00',abbreviation:'MUT',tzName:'Mauritius Time'}]",-20.28333333,57.55000000,ğŸ‡²ğŸ‡º
141,Mayotte,MYT,YT,175,262,EUR,Euro,â‚¬,.yt,Mayotte,"[{zoneName:'Indian\/Mayotte',gmtOffset:10800,gmtOffsetName:'UTC+03:00',abbreviation:'EAT',tzName:'East Africa Time'}]",-12.83333333,45.16666666,ğŸ‡¾ğŸ‡¹
142,Mexico,MEX,MX,484,52,MXN,Mexican peso,$,.mx,MÃ©xico,"[{zoneName:'America\/Bahia_Banderas',gmtOffset:-21600,gmtOffsetName:'UTC-06:00',abbreviation:'CST',tzName:'Central Standard Time (North America'},{zoneName:'America\/Cancun',gmtOffset:-18000,gmtOffsetName:'UTC-05:00',abbreviation:'EST',tzName:'Eastern Standard Time (North America'},{zoneName:'America\/Chihuahua',gmtOffset:-25200,gmtOffsetName:'UTC-07:00',abbreviation:'MST',tzName:'Mountain Standard Time (North America'},{zoneName:'America\/Hermosillo',gmtOffset:-25200,gmtOffsetName:'UTC-07:00',abbreviation:'MST',tzName:'Mountain Standard Time (North America'},{zoneName:'America\/Matamoros',gmtOffset:-21600,gmtOffsetName:'UTC-06:00',abbreviation:'CST',tzName:'Central Standard Time (North America'},{zoneName:'America\/Mazatlan',gmtOffset:-25200,gmtOffsetName:'UTC-07:00',abbreviation:'MST',tzName:'Mountain Standard Time (North America'},{zoneName:'America\/Merida',gmtOffset:-21600,gmtOffsetName:'UTC-06:00',abbreviation:'CST',tzName:'Central Standard Time (North America'},{zoneName:'America\/Mexico_City',gmtOffset:-21600,gmtOffsetName:'UTC-06:00',abbreviation:'CST',tzName:'Central Standard Time (North America'},{zoneName:'America\/Monterrey',gmtOffset:-21600,gmtOffsetName:'UTC-06:00',abbreviation:'CST',tzName:'Central Standard Time (North America'},{zoneName:'America\/Ojinaga',gmtOffset:-25200,gmtOffsetName:'UTC-07:00',abbreviation:'MST',tzName:'Mountain Standard Time (North America'},{zoneName:'America\/Tijuana',gmtOffset:-28800,gmtOffsetName:'UTC-08:00',abbreviation:'PST',tzName:'Pacific Standard Time (North America'}]",23.00000000,-102.00000000,ğŸ‡²ğŸ‡½
143,Micronesia,FSM,FM,583,691,USD,United States dollar,$,.fm,Micronesia,"[{zoneName:'Pacific\/Chuuk',gmtOffset:36000,gmtOffsetName:'UTC+10:00',abbreviation:'CHUT',tzName:'Chuuk Time'},{zoneName:'Pacific\/Kosrae',gmtOffset:39600,gmtOffsetName:'UTC+11:00',abbreviation:'KOST',tzName:'Kosrae Time'},{zoneName:'Pacific\/Pohnpei',gmtOffset:39600,gmtOffsetName:'UTC+11:00',abbreviation:'PONT',tzName:'Pohnpei Standard Time'}]",6.91666666,158.25000000,ğŸ‡«ğŸ‡²
144,Moldova,MDA,MD,498,373,MDL,Moldovan leu,L,.md,Moldova,"[{zoneName:'Europe\/Chisinau',gmtOffset:7200,gmtOffsetName:'UTC+02:00',abbreviation:'EET',tzName:'Eastern European Time'}]",47.00000000,29.00000000,ğŸ‡²ğŸ‡©
145,Monaco,MCO,MC,492,377,EUR,Euro,â‚¬,.mc,Monaco,"[{zoneName:'Europe\/Monaco',gmtOffset:3600,gmtOffsetName:'UTC+01:00',abbreviation:'CET',tzName:'Central European Time'}]",43.73333333,7.40000000,ğŸ‡²ğŸ‡¨
146,Mongolia,MNG,MN,496,976,MNT,Mongolian tÃ¶grÃ¶g,â‚®,.mn,ĞœĞ¾Ğ½Ğ³Ğ¾Ğ» ÑƒĞ»Ñ,"[{zoneName:'Asia\/Choibalsan',gmtOffset:28800,gmtOffsetName:'UTC+08:00',abbreviation:'CHOT',tzName:'Choibalsan Standard Time'},{zoneName:'Asia\/Hovd',gmtOffset:25200,gmtOffsetName:'UTC+07:00',abbreviation:'HOVT',tzName:'Hovd Time'},{zoneName:'Asia\/Ulaanbaatar',gmtOffset:28800,gmtOffsetName:'UTC+08:00',abbreviation:'ULAT',tzName:'Ulaanbaatar Standard Time'}]",46.00000000,105.00000000,ğŸ‡²ğŸ‡³
147,Montenegro,MNE,ME,499,382,EUR,Euro,â‚¬,.me,Ğ¦Ñ€Ğ½Ğ° Ğ“Ğ¾Ñ€Ğ°,"[{zoneName:'Europe\/Podgorica',gmtOffset:3600,gmtOffsetName:'UTC+01:00',abbreviation:'CET',tzName:'Central European Time'}]",42.50000000,19.30000000,ğŸ‡²ğŸ‡ª
148,Montserrat,MSR,MS,500,+1-664,XCD,Eastern Caribbean dollar,$,.ms,Montserrat,"[{zoneName:'America\/Montserrat',gmtOffset:-14400,gmtOffsetName:'UTC-04:00',abbreviation:'AST',tzName:'Atlantic Standard Time'}]",16.75000000,-62.20000000,ğŸ‡²ğŸ‡¸
149,Morocco,MAR,MA,504,212,MAD,Moroccan dirham,DH,.ma,Ø§Ù„Ù…ØºØ±Ø¨,"[{zoneName:'Africa\/Casablanca',gmtOffset:3600,gmtOffsetName:'UTC+01:00',abbreviation:'WEST',tzName:'Western European Summer Time'}]",32.00000000,-5.00000000,ğŸ‡²ğŸ‡¦
150,Mozambique,MOZ,MZ,508,258,MZN,Mozambican metical,MT,.mz,MoÃ§ambique,"[{zoneName:'Africa\/Maputo',gmtOffset:7200,gmtOffsetName:'UTC+02:00',abbreviation:'CAT',tzName:'Central Africa Time'}]",-18.25000000,35.00000000,ğŸ‡²ğŸ‡¿
151,Myanmar,MMR,MM,104,95,MMK,Burmese kyat,K,.mm,á€™á€¼á€”á€ºá€™á€¬,"[{zoneName:'Asia\/Yangon',gmtOffset:23400,gmtOffsetName:'UTC+06:30',abbreviation:'MMT',tzName:'Myanmar Standard Time'}]",22.00000000,98.00000000,ğŸ‡²ğŸ‡²
152,Namibia,NAM,NA,516,264,NAD,Namibian dollar,$,.na,Namibia,"[{zoneName:'Africa\/Windhoek',gmtOffset:7200,gmtOffsetName:'UTC+02:00',abbreviation:'WAST',tzName:'West Africa Summer Time'}]",-22.00000000,17.00000000,ğŸ‡³ğŸ‡¦
153,Nauru,NRU,NR,520,674,AUD,Australian dollar,$,.nr,Nauru,"[{zoneName:'Pacific\/Nauru',gmtOffset:43200,gmtOffsetName:'UTC+12:00',abbreviation:'NRT',tzName:'Nauru Time'}]",-0.53333333,166.91666666,ğŸ‡³ğŸ‡·
154,Nepal,NPL,NP,524,977,NPR,Nepalese rupee,â‚¨,.np,à¤¨à¤ªà¤²,"[{zoneName:'Asia\/Kathmandu',gmtOffset:20700,gmtOffsetName:'UTC+05:45',abbreviation:'NPT',tzName:'Nepal Time'}]",28.00000000,84.00000000,ğŸ‡³ğŸ‡µ
156,Netherlands,NLD,NL,528,31,EUR,Euro,â‚¬,.nl,Nederland,"[{zoneName:'Europe\/Amsterdam',gmtOffset:3600,gmtOffsetName:'UTC+01:00',abbreviation:'CET',tzName:'Central European Time'}]",52.50000000,5.75000000,ğŸ‡³ğŸ‡±
157,New Caledonia,NCL,NC,540,687,XPF,CFP franc,â‚£,.nc,Nouvelle-CalÃ©donie,"[{zoneName:'Pacific\/Noumea',gmtOffset:39600,gmtOffsetName:'UTC+11:00',abbreviation:'NCT',tzName:'New Caledonia Time'}]",-21.50000000,165.50000000,ğŸ‡³ğŸ‡¨
158,New Zealand,NZL,NZ,554,64,NZD,New Zealand dollar,$,.nz,New Zealand,"[{zoneName:'Pacific\/Auckland',gmtOffset:46800,gmtOffsetName:'UTC+13:00',abbreviation:'NZDT',tzName:'New Zealand Daylight Time'},{zoneName:'Pacific\/Chatham',gmtOffset:49500,gmtOffsetName:'UTC+13:45',abbreviation:'CHAST',tzName:'Chatham Standard Time'}]",-41.00000000,174.00000000,ğŸ‡³ğŸ‡¿
159,Nicaragua,NIC,NI,558,505,NIO,Nicaraguan cÃ³rdoba,C$,.ni,Nicaragua,"[{zoneName:'America\/Managua',gmtOffset:-21600,gmtOffsetName:'UTC-06:00',abbreviation:'CST',tzName:'Central Standard Time (North America'}]",13.00000000,-85.00000000,ğŸ‡³ğŸ‡®
160,Niger,NER,NE,562,227,XOF,West African CFA franc,CFA,.ne,Niger,"[{zoneName:'Africa\/Niamey',gmtOffset:3600,gmtOffsetName:'UTC+01:00',abbreviation:'WAT',tzName:'West Africa Time'}]",16.00000000,8.00000000,ğŸ‡³ğŸ‡ª
161,Nigeria,NGA,NG,566,234,NGN,Nigerian naira,â‚¦,.ng,Nigeria,"[{zoneName:'Africa\/Lagos',gmtOffset:3600,gmtOffsetName:'UTC+01:00',abbreviation:'WAT',tzName:'West Africa Time'}]",10.00000000,8.00000000,ğŸ‡³ğŸ‡¬
162,Niue,NIU,NU,570,683,NZD,New Zealand dollar,$,.nu,NiuÄ“,"[{zoneName:'Pacific\/Niue',gmtOffset:-39600,gmtOffsetName:'UTC-11:00',abbreviation:'NUT',tzName:'Niue Time'}]",-19.03333333,-169.86666666,ğŸ‡³ğŸ‡º
163,Norfolk Island,NFK,NF,574,672,AUD,Australian dollar,$,.nf,Norfolk Island,"[{zoneName:'Pacific\/Norfolk',gmtOffset:43200,gmtOffsetName:'UTC+12:00',abbreviation:'NFT',tzName:'Norfolk Time'}]",-29.03333333,167.95000000,ğŸ‡³ğŸ‡«
115,North Korea,PRK,KP,408,850,KPW,North Korean Won,â‚©,.kp,ë¶í•œ,"[{zoneName:'Asia\/Pyongyang',gmtOffset:32400,gmtOffsetName:'UTC+09:00',abbreviation:'KST',tzName:'Korea Standard Time'}]",40.00000000,127.00000000,ğŸ‡°ğŸ‡µ
129,North Macedonia,MKD,MK,807,389,MKD,Denar,Ğ´ĞµĞ½,.mk,Ğ¡ĞµĞ²ĞµÑ€Ğ½Ğ° ĞœĞ°ĞºĞµĞ´Ğ¾Ğ½Ğ¸Ñ˜Ğ°,"[{zoneName:'Europe\/Skopje',gmtOffset:3600,gmtOffsetName:'UTC+01:00',abbreviation:'CET',tzName:'Central European Time'}]",41.83333333,22.00000000,ğŸ‡²ğŸ‡°
164,Northern Mariana Islands,MNP,MP,580,+1-670,USD,United States dollar,$,.mp,Northern Mariana Islands,"[{zoneName:'Pacific\/Saipan',gmtOffset:36000,gmtOffsetName:'UTC+10:00',abbreviation:'ChST',tzName:'Chamorro Standard Time'}]",15.20000000,145.75000000,ğŸ‡²ğŸ‡µ
165,Norway,NOR,NO,578,47,NOK,Norwegian krone,kr,.no,Norge,"[{zoneName:'Europe\/Oslo',gmtOffset:3600,gmtOffsetName:'UTC+01:00',abbreviation:'CET',tzName:'Central European Time'}]",62.00000000,10.00000000,ğŸ‡³ğŸ‡´
166,Oman,OMN,OM,512,968,OMR,Omani rial,.Ø¹.Ø±,.om,Ø¹Ù…Ø§Ù†,"[{zoneName:'Asia\/Muscat',gmtOffset:14400,gmtOffsetName:'UTC+04:00',abbreviation:'GST',tzName:'Gulf Standard Time'}]",21.00000000,57.00000000,ğŸ‡´ğŸ‡²
167,Pakistan,PAK,PK,586,92,PKR,Pakistani rupee,â‚¨,.pk,Pakistan,"[{zoneName:'Asia\/Karachi',gmtOffset:18000,gmtOffsetName:'UTC+05:00',abbreviation:'PKT',tzName:'Pakistan Standard Time'}]",30.00000000,70.00000000,ğŸ‡µğŸ‡°
168,Palau,PLW,PW,585,680,USD,United States dollar,$,.pw,Palau,"[{zoneName:'Pacific\/Palau',gmtOffset:32400,gmtOffsetName:'UTC+09:00',abbreviation:'PWT',tzName:'Palau Time'}]",7.50000000,134.50000000,ğŸ‡µğŸ‡¼
169,Palestinian Territory Occupied,PSE,PS,275,970,ILS,Israeli new shekel,â‚ª,.ps,ÙÙ„Ø³Ø·ÙŠÙ†,"[{zoneName:'Asia\/Gaza',gmtOffset:7200,gmtOffsetName:'UTC+02:00',abbreviation:'EET',tzName:'Eastern European Time'},{zoneName:'Asia\/Hebron',gmtOffset:7200,gmtOffsetName:'UTC+02:00',abbreviation:'EET',tzName:'Eastern European Time'}]",31.90000000,35.20000000,ğŸ‡µğŸ‡¸
170,Panama,PAN,PA,591,507,PAB,Panamanian balboa,B/.,.pa,PanamÃ¡,"[{zoneName:'America\/Panama',gmtOffset:-18000,gmtOffsetName:'UTC-05:00',abbreviation:'EST',tzName:'Eastern Standard Time (North America'}]",9.00000000,-80.00000000,ğŸ‡µğŸ‡¦
171,Papua New Guinea,PNG,PG,598,675,PGK,Papua New Guinean kina,K,.pg,Papua Niugini,"[{zoneName:'Pacific\/Bougainville',gmtOffset:39600,gmtOffsetName:'UTC+11:00',abbreviation:'BST',tzName:'Bougainville Standard Time[6'},{zoneName:'Pacific\/Port_Moresby',gmtOffset:36000,gmtOffsetName:'UTC+10:00',abbreviation:'PGT',tzName:'Papua New Guinea Time'}]",-6.00000000,147.00000000,ğŸ‡µğŸ‡¬
172,Paraguay,PRY,PY,600,595,PYG,Paraguayan guarani,â‚²,.py,Paraguay,"[{zoneName:'America\/Asuncion',gmtOffset:-10800,gmtOffsetName:'UTC-03:00',abbreviation:'PYST',tzName:'Paraguay Summer Time'}]",-23.00000000,-58.00000000,ğŸ‡µğŸ‡¾
173,Peru,PER,PE,604,51,PEN,Peruvian sol,S/.,.pe,PerÃº,"[{zoneName:'America\/Lima',gmtOffset:-18000,gmtOffsetName:'UTC-05:00',abbreviation:'PET',tzName:'Peru Time'}]",-10.00000000,-76.00000000,ğŸ‡µğŸ‡ª
174,Philippines,PHL,PH,608,63,PHP,Philippine peso,â‚±,.ph,Pilipinas,"[{zoneName:'Asia\/Manila',gmtOffset:28800,gmtOffsetName:'UTC+08:00',abbreviation:'PHT',tzName:'Philippine Time'}]",13.00000000,122.00000000,ğŸ‡µğŸ‡­
175,Pitcairn Island,PCN,PN,612,870,NZD,New Zealand dollar,$,.pn,Pitcairn Islands,"[{zoneName:'Pacific\/Pitcairn',gmtOffset:-28800,gmtOffsetName:'UTC-08:00',abbreviation:'PST',tzName:'Pacific Standard Time (North America'}]",-25.06666666,-130.10000000,ğŸ‡µğŸ‡³
176,Poland,POL,PL,616,48,PLN,Polish zÅ‚oty,zÅ‚,.pl,Polska,"[{zoneName:'Europe\/Warsaw',gmtOffset:3600,gmtOffsetName:'UTC+01:00',abbreviation:'CET',tzName:'Central European Time'}]",52.00000000,20.00000000,ğŸ‡µğŸ‡±
177,Portugal,PRT,PT,620,351,EUR,Euro,â‚¬,.pt,Portugal,"[{zoneName:'Atlantic\/Azores',gmtOffset:-3600,gmtOffsetName:'UTC-01:00',abbreviation:'AZOT',tzName:'Azores Standard Time'},{zoneName:'Atlantic\/Madeira',gmtOffset:0,gmtOffsetName:'UTC\u00b100',abbreviation:'WET',tzName:'Western European Time'},{zoneName:'Europe\/Lisbon',gmtOffset:0,gmtOffsetName:'UTC\u00b100',abbreviation:'WET',tzName:'Western European Time'}]",39.50000000,-8.00000000,ğŸ‡µğŸ‡¹
178,Puerto Rico,PRI,PR,630,+1-787 and 1-939,USD,United States dollar,$,.pr,Puerto Rico,"[{zoneName:'America\/Puerto_Rico',gmtOffset:-14400,gmtOffsetName:'UTC-04:00',abbreviation:'AST',tzName:'Atlantic Standard Time'}]",18.25000000,-66.50000000,ğŸ‡µğŸ‡·
179,Qatar,QAT,QA,634,974,QAR,Qatari riyal,Ù‚.Ø±,.qa,Ù‚Ø·Ø±,"[{zoneName:'Asia\/Qatar',gmtOffset:10800,gmtOffsetName:'UTC+03:00',abbreviation:'AST',tzName:'Arabia Standard Time'}]",25.50000000,51.25000000,ğŸ‡¶ğŸ‡¦
180,Reunion,REU,RE,638,262,EUR,Euro,â‚¬,.re,La RÃ©union,"[{zoneName:'Indian\/Reunion',gmtOffset:14400,gmtOffsetName:'UTC+04:00',abbreviation:'RET',tzName:'R\u00e9union Time'}]",-21.15000000,55.50000000,ğŸ‡·ğŸ‡ª
181,Romania,ROU,RO,642,40,RON,Romanian leu,lei,.ro,RomÃ¢nia,"[{zoneName:'Europe\/Bucharest',gmtOffset:7200,gmtOffsetName:'UTC+02:00',abbreviation:'EET',tzName:'Eastern European Time'}]",46.00000000,25.00000000,ğŸ‡·ğŸ‡´
182,Russia,RUS,RU,643,7,RUB,Russian ruble,â‚½,.ru,Ğ Ğ¾ÑÑĞ¸Ñ,"[{zoneName:'Asia\/Anadyr',gmtOffset:43200,gmtOffsetName:'UTC+12:00',abbreviation:'ANAT',tzName:'Anadyr Time[4'},{zoneName:'Asia\/Barnaul',gmtOffset:25200,gmtOffsetName:'UTC+07:00',abbreviation:'KRAT',tzName:'Krasnoyarsk Time'},{zoneName:'Asia\/Chita',gmtOffset:32400,gmtOffsetName:'UTC+09:00',abbreviation:'YAKT',tzName:'Yakutsk Time'},{zoneName:'Asia\/Irkutsk',gmtOffset:28800,gmtOffsetName:'UTC+08:00',abbreviation:'IRKT',tzName:'Irkutsk Time'},{zoneName:'Asia\/Kamchatka',gmtOffset:43200,gmtOffsetName:'UTC+12:00',abbreviation:'PETT',tzName:'Kamchatka Time'},{zoneName:'Asia\/Khandyga',gmtOffset:32400,gmtOffsetName:'UTC+09:00',abbreviation:'YAKT',tzName:'Yakutsk Time'},{zoneName:'Asia\/Krasnoyarsk',gmtOffset:25200,gmtOffsetName:'UTC+07:00',abbreviation:'KRAT',tzName:'Krasnoyarsk Time'},{zoneName:'Asia\/Magadan',gmtOffset:39600,gmtOffsetName:'UTC+11:00',abbreviation:'MAGT',tzName:'Magadan Time'},{zoneName:'Asia\/Novokuznetsk',gmtOffset:25200,gmtOffsetName:'UTC+07:00',abbreviation:'KRAT',tzName:'Krasnoyarsk Time'},{zoneName:'Asia\/Novosibirsk',gmtOffset:25200,gmtOffsetName:'UTC+07:00',abbreviation:'NOVT',tzName:'Novosibirsk Time'},{zoneName:'Asia\/Omsk',gmtOffset:21600,gmtOffsetName:'UTC+06:00',abbreviation:'OMST',tzName:'Omsk Time'},{zoneName:'Asia\/Sakhalin',gmtOffset:39600,gmtOffsetName:'UTC+11:00',abbreviation:'SAKT',tzName:'Sakhalin Island Time'},{zoneName:'Asia\/Srednekolymsk',gmtOffset:39600,gmtOffsetName:'UTC+11:00',abbreviation:'SRET',tzName:'Srednekolymsk Time'},{zoneName:'Asia\/Tomsk',gmtOffset:25200,gmtOffsetName:'UTC+07:00',abbreviation:'MSD+3',tzName:'Moscow Daylight Time+3'},{zoneName:'Asia\/Ust-Nera',gmtOffset:36000,gmtOffsetName:'UTC+10:00',abbreviation:'VLAT',tzName:'Vladivostok Time'},{zoneName:'Asia\/Vladivostok',gmtOffset:36000,gmtOffsetName:'UTC+10:00',abbreviation:'VLAT',tzName:'Vladivostok Time'},{zoneName:'Asia\/Yakutsk',gmtOffset:32400,gmtOffsetName:'UTC+09:00',abbreviation:'YAKT',tzName:'Yakutsk Time'},{zoneName:'Asia\/Yekaterinburg',gmtOffset:18000,gmtOffsetName:'UTC+05:00',abbreviation:'YEKT',tzName:'Yekaterinburg Time'},{zoneName:'Europe\/Astrakhan',gmtOffset:14400,gmtOffsetName:'UTC+04:00',abbreviation:'SAMT',tzName:'Samara Time'},{zoneName:'Europe\/Kaliningrad',gmtOffset:7200,gmtOffsetName:'UTC+02:00',abbreviation:'EET',tzName:'Eastern European Time'},{zoneName:'Europe\/Kirov',gmtOffset:10800,gmtOffsetName:'UTC+03:00',abbreviation:'MSK',tzName:'Moscow Time'},{zoneName:'Europe\/Moscow',gmtOffset:10800,gmtOffsetName:'UTC+03:00',abbreviation:'MSK',tzName:'Moscow Time'},{zoneName:'Europe\/Samara',gmtOffset:14400,gmtOffsetName:'UTC+04:00',abbreviation:'SAMT',tzName:'Samara Time'},{zoneName:'Europe\/Saratov',gmtOffset:14400,gmtOffsetName:'UTC+04:00',abbreviation:'MSD',tzName:'Moscow Daylight Time+4'},{zoneName:'Europe\/Ulyanovsk',gmtOffset:14400,gmtOffsetName:'UTC+04:00',abbreviation:'SAMT',tzName:'Samara Time'},{zoneName:'Europe\/Volgograd',gmtOffset:14400,gmtOffsetName:'UTC+04:00',abbreviation:'MSK',tzName:'Moscow Standard Time'}]",60.00000000,100.00000000,ğŸ‡·ğŸ‡º
183,Rwanda,RWA,RW,646,250,RWF,Rwandan franc,FRw,.rw,Rwanda,"[{zoneName:'Africa\/Kigali',gmtOffset:7200,gmtOffsetName:'UTC+02:00',abbreviation:'CAT',tzName:'Central Africa Time'}]",-2.00000000,30.00000000,ğŸ‡·ğŸ‡¼
184,Saint Helena,SHN,SH,654,290,SHP,Saint Helena pound,Â£,.sh,Saint Helena,"[{zoneName:'Atlantic\/St_Helena',gmtOffset:0,gmtOffsetName:'UTC\u00b100',abbreviation:'GMT',tzName:'Greenwich Mean Time'}]",-15.95000000,-5.70000000,ğŸ‡¸ğŸ‡­
185,Saint Kitts and Nevis,KNA,KN,659,+1-869,XCD,Eastern Caribbean dollar,$,.kn,Saint Kitts and Nevis,"[{zoneName:'America\/St_Kitts',gmtOffset:-14400,gmtOffsetName:'UTC-04:00',abbreviation:'AST',tzName:'Atlantic Standard Time'}]",17.33333333,-62.75000000,ğŸ‡°ğŸ‡³
186,Saint Lucia,LCA,LC,662,+1-758,XCD,Eastern Caribbean dollar,$,.lc,Saint Lucia,"[{zoneName:'America\/St_Lucia',gmtOffset:-14400,gmtOffsetName:'UTC-04:00',abbreviation:'AST',tzName:'Atlantic Standard Time'}]",13.88333333,-60.96666666,ğŸ‡±ğŸ‡¨
187,Saint Pierre and Miquelon,SPM,PM,666,508,EUR,Euro,â‚¬,.pm,Saint-Pierre-et-Miquelon,"[{zoneName:'America\/Miquelon',gmtOffset:-10800,gmtOffsetName:'UTC-03:00',abbreviation:'PMDT',tzName:'Pierre & Miquelon Daylight Time'}]",46.83333333,-56.33333333,ğŸ‡µğŸ‡²
188,Saint Vincent and the Grenadines,VCT,VC,670,+1-784,XCD,Eastern Caribbean dollar,$,.vc,Saint Vincent and the Grenadines,"[{zoneName:'America\/St_Vincent',gmtOffset:-14400,gmtOffsetName:'UTC-04:00',abbreviation:'AST',tzName:'Atlantic Standard Time'}]",13.25000000,-61.20000000,ğŸ‡»ğŸ‡¨
189,Saint-Barthelemy,BLM,BL,652,590,EUR,Euro,â‚¬,.bl,Saint-BarthÃ©lemy,"[{zoneName:'America\/St_Barthelemy',gmtOffset:-14400,gmtOffsetName:'UTC-04:00',abbreviation:'AST',tzName:'Atlantic Standard Time'}]",18.50000000,-63.41666666,ğŸ‡§ğŸ‡±
190,Saint-Martin (French part),MAF,MF,663,590,EUR,Euro,â‚¬,.mf,Saint-Martin,"[{zoneName:'America\/Marigot',gmtOffset:-14400,gmtOffsetName:'UTC-04:00',abbreviation:'AST',tzName:'Atlantic Standard Time'}]",18.08333333,-63.95000000,ğŸ‡²ğŸ‡«
191,Samoa,WSM,WS,882,685,WST,Samoan tÄlÄ,SAT,.ws,Samoa,"[{zoneName:'Pacific\/Apia',gmtOffset:50400,gmtOffsetName:'UTC+14:00',abbreviation:'WST',tzName:'West Samoa Time'}]",-13.58333333,-172.33333333,ğŸ‡¼ğŸ‡¸
192,San Marino,SMR,SM,674,378,EUR,Euro,â‚¬,.sm,San Marino,"[{zoneName:'Europe\/San_Marino',gmtOffset:3600,gmtOffsetName:'UTC+01:00',abbreviation:'CET',tzName:'Central European Time'}]",43.76666666,12.41666666,ğŸ‡¸ğŸ‡²
193,Sao Tome and Principe,STP,ST,678,239,STD,Dobra,Db,.st,SÃ£o TomÃ© e PrÃ­ncipe,"[{zoneName:'Africa\/Sao_Tome',gmtOffset:0,gmtOffsetName:'UTC\u00b100',abbreviation:'GMT',tzName:'Greenwich Mean Time'}]",1.00000000,7.00000000,ğŸ‡¸ğŸ‡¹
194,Saudi Arabia,SAU,SA,682,966,SAR,Saudi riyal,ï·¼,.sa,Ø§Ù„Ù…Ù…Ù„ÙƒØ© Ø§Ù„Ø¹Ø±Ø¨ÙŠØ© Ø§Ù„Ø³Ø¹ÙˆØ¯ÙŠØ©,"[{zoneName:'Asia\/Riyadh',gmtOffset:10800,gmtOffsetName:'UTC+03:00',abbreviation:'AST',tzName:'Arabia Standard Time'}]",25.00000000,45.00000000,ğŸ‡¸ğŸ‡¦
195,Senegal,SEN,SN,686,221,XOF,West African CFA franc,CFA,.sn,SÃ©nÃ©gal,"[{zoneName:'Africa\/Dakar',gmtOffset:0,gmtOffsetName:'UTC\u00b100',abbreviation:'GMT',tzName:'Greenwich Mean Time'}]",14.00000000,-14.00000000,ğŸ‡¸ğŸ‡³
196,Serbia,SRB,RS,688,381,RSD,Serbian dinar,din,.rs,Ğ¡Ñ€Ğ±Ğ¸Ñ˜Ğ°,"[{zoneName:'Europe\/Belgrade',gmtOffset:3600,gmtOffsetName:'UTC+01:00',abbreviation:'CET',tzName:'Central European Time'}]",44.00000000,21.00000000,ğŸ‡·ğŸ‡¸
197,Seychelles,SYC,SC,690,248,SCR,Seychellois rupee,SRe,.sc,Seychelles,"[{zoneName:'Indian\/Mahe',gmtOffset:14400,gmtOffsetName:'UTC+04:00',abbreviation:'SCT',tzName:'Seychelles Time'}]",-4.58333333,55.66666666,ğŸ‡¸ğŸ‡¨
198,Sierra Leone,SLE,SL,694,232,SLL,Sierra Leonean leone,Le,.sl,Sierra Leone,"[{zoneName:'Africa\/Freetown',gmtOffset:0,gmtOffsetName:'UTC\u00b100',abbreviation:'GMT',tzName:'Greenwich Mean Time'}]",8.50000000,-11.50000000,ğŸ‡¸ğŸ‡±
199,Singapore,SGP,SG,702,65,SGD,Singapore dollar,$,.sg,Singapore,"[{zoneName:'Asia\/Singapore',gmtOffset:28800,gmtOffsetName:'UTC+08:00',abbreviation:'SGT',tzName:'Singapore Time'}]",1.36666666,103.80000000,ğŸ‡¸ğŸ‡¬
250,Sint Maarten (Dutch part),SXM,SX,534,1721,ANG,Netherlands Antillean guilder,Æ’,.sx,Sint Maarten,"[{zoneName:'America\/Anguilla',gmtOffset:-14400,gmtOffsetName:'UTC-04:00',abbreviation:'AST',tzName:'Atlantic Standard Time'}]",18.03333300,-63.05000000,ğŸ‡¸ğŸ‡½
200,Slovakia,SVK,SK,703,421,EUR,Euro,â‚¬,.sk,Slovensko,"[{zoneName:'Europe\/Bratislava',gmtOffset:3600,gmtOffsetName:'UTC+01:00',abbreviation:'CET',tzName:'Central European Time'}]",48.66666666,19.50000000,ğŸ‡¸ğŸ‡°
201,Slovenia,SVN,SI,705,386,EUR,Euro,â‚¬,.si,Slovenija,"[{zoneName:'Europe\/Ljubljana',gmtOffset:3600,gmtOffsetName:'UTC+01:00',abbreviation:'CET',tzName:'Central European Time'}]",46.11666666,14.81666666,ğŸ‡¸ğŸ‡®
202,Solomon Islands,SLB,SB,90,677,SBD,Solomon Islands dollar,Si$,.sb,Solomon Islands,"[{zoneName:'Pacific\/Guadalcanal',gmtOffset:39600,gmtOffsetName:'UTC+11:00',abbreviation:'SBT',tzName:'Solomon Islands Time'}]",-8.00000000,159.00000000,ğŸ‡¸ğŸ‡§
203,Somalia,SOM,SO,706,252,SOS,Somali shilling,Sh.so.,.so,Soomaaliya,"[{zoneName:'Africa\/Mogadishu',gmtOffset:10800,gmtOffsetName:'UTC+03:00',abbreviation:'EAT',tzName:'East Africa Time'}]",10.00000000,49.00000000,ğŸ‡¸ğŸ‡´
204,South Africa,ZAF,ZA,710,27,ZAR,South African rand,R,.za,South Africa,"[{zoneName:'Africa\/Johannesburg',gmtOffset:7200,gmtOffsetName:'UTC+02:00',abbreviation:'SAST',tzName:'South African Standard Time'}]",-29.00000000,24.00000000,ğŸ‡¿ğŸ‡¦
205,South Georgia,SGS,GS,239,500,GBP,British pound,Â£,.gs,South Georgia,"[{zoneName:'Atlantic\/South_Georgia',gmtOffset:-7200,gmtOffsetName:'UTC-02:00',abbreviation:'GST',tzName:'South Georgia and the South Sandwich Islands Time'}]",-54.50000000,-37.00000000,ğŸ‡¬ğŸ‡¸
116,South Korea,KOR,KR,410,82,KRW,Won,â‚©,.kr,ëŒ€í•œë¯¼êµ­,"[{zoneName:'Asia\/Seoul',gmtOffset:32400,gmtOffsetName:'UTC+09:00',abbreviation:'KST',tzName:'Korea Standard Time'}]",37.00000000,127.50000000,ğŸ‡°ğŸ‡·
206,South Sudan,SSD,SS,728,211,SSP,South Sudanese pound,Â£,.ss,South Sudan,"[{zoneName:'Africa\/Juba',gmtOffset:10800,gmtOffsetName:'UTC+03:00',abbreviation:'EAT',tzName:'East Africa Time'}]",7.00000000,30.00000000,ğŸ‡¸ğŸ‡¸
207,Spain,ESP,ES,724,34,EUR,Euro,â‚¬,.es,EspaÃ±a,"[{zoneName:'Africa\/Ceuta',gmtOffset:3600,gmtOffsetName:'UTC+01:00',abbreviation:'CET',tzName:'Central European Time'},{zoneName:'Atlantic\/Canary',gmtOffset:0,gmtOffsetName:'UTC\u00b100',abbreviation:'WET',tzName:'Western European Time'},{zoneName:'Europe\/Madrid',gmtOffset:3600,gmtOffsetName:'UTC+01:00',abbreviation:'CET',tzName:'Central European Time'}]",40.00000000,-4.00000000,ğŸ‡ªğŸ‡¸
208,Sri Lanka,LKA,LK,144,94,LKR,Sri Lankan rupee,Rs,.lk,Å›rÄ« laá¹ƒkÄva,"[{zoneName:'Asia\/Colombo',gmtOffset:19800,gmtOffsetName:'UTC+05:30',abbreviation:'IST',tzName:'Indian Standard Time'}]",7.00000000,81.00000000,ğŸ‡±ğŸ‡°
209,Sudan,SDN,SD,729,249,SDG,Sudanese pound,.Ø³.Ø¬,.sd,Ø§Ù„Ø³ÙˆØ¯Ø§Ù†,"[{zoneName:'Africa\/Khartoum',gmtOffset:7200,gmtOffsetName:'UTC+02:00',abbreviation:'EAT',tzName:'Eastern African Time'}]",15.00000000,30.00000000,ğŸ‡¸ğŸ‡©
210,Suriname,SUR,SR,740,597,SRD,Surinamese dollar,$,.sr,Suriname,"[{zoneName:'America\/Paramaribo',gmtOffset:-10800,gmtOffsetName:'UTC-03:00',abbreviation:'SRT',tzName:'Suriname Time'}]",4.00000000,-56.00000000,ğŸ‡¸ğŸ‡·
211,Svalbard and Jan Mayen Islands,SJM,SJ,744,47,NOK,Norwegian Krone,kr,.sj,Svalbard og Jan Mayen,"[{zoneName:'Arctic\/Longyearbyen',gmtOffset:3600,gmtOffsetName:'UTC+01:00',abbreviation:'CET',tzName:'Central European Time'}]",78.00000000,20.00000000,ğŸ‡¸ğŸ‡¯
213,Sweden,SWE,SE,752,46,SEK,Swedish krona,kr,.se,Sverige,"[{zoneName:'Europe\/Stockholm',gmtOffset:3600,gmtOffsetName:'UTC+01:00',abbreviation:'CET',tzName:'Central European Time'}]",62.00000000,15.00000000,ğŸ‡¸ğŸ‡ª
214,Switzerland,CHE,CH,756,41,CHF,Swiss franc,CHf,.ch,Schweiz,"[{zoneName:'Europe\/Zurich',gmtOffset:3600,gmtOffsetName:'UTC+01:00',abbreviation:'CET',tzName:'Central European Time'}]",47.00000000,8.00000000,ğŸ‡¨ğŸ‡­
215,Syria,SYR,SY,760,963,SYP,Syrian pound,LS,.sy,Ø³ÙˆØ±ÙŠØ§,"[{zoneName:'Asia\/Damascus',gmtOffset:7200,gmtOffsetName:'UTC+02:00',abbreviation:'EET',tzName:'Eastern European Time'}]",35.00000000,38.00000000,ğŸ‡¸ğŸ‡¾
216,Taiwan,TWN,TW,158,886,TWD,New Taiwan dollar,$,.tw,è‡ºç£,"[{zoneName:'Asia\/Taipei',gmtOffset:28800,gmtOffsetName:'UTC+08:00',abbreviation:'CST',tzName:'China Standard Time'}]",23.50000000,121.00000000,ğŸ‡¹ğŸ‡¼
217,Tajikistan,TJK,TJ,762,992,TJS,Tajikistani somoni,SM,.tj,Ğ¢Ğ¾Ò·Ğ¸ĞºĞ¸ÑÑ‚Ğ¾Ğ½,"[{zoneName:'Asia\/Dushanbe',gmtOffset:18000,gmtOffsetName:'UTC+05:00',abbreviation:'TJT',tzName:'Tajikistan Time'}]",39.00000000,71.00000000,ğŸ‡¹ğŸ‡¯
218,Tanzania,TZA,TZ,834,255,TZS,Tanzanian shilling,TSh,.tz,Tanzania,"[{zoneName:'Africa\/Dar_es_Salaam',gmtOffset:10800,gmtOffsetName:'UTC+03:00',abbreviation:'EAT',tzName:'East Africa Time'}]",-6.00000000,35.00000000,ğŸ‡¹ğŸ‡¿
219,Thailand,THA,TH,764,66,THB,Thai baht,à¸¿,.th,à¸›à¸£à¸°à¹€à¸—à¸¨à¹„à¸—à¸¢,"[{zoneName:'Asia\/Bangkok',gmtOffset:25200,gmtOffsetName:'UTC+07:00',abbreviation:'ICT',tzName:'Indochina Time'}]",15.00000000,100.00000000,ğŸ‡¹ğŸ‡­
17,The Bahamas,BHS,BS,44,+1-242,BSD,Bahamian dollar,B$,.bs,Bahamas,"[{zoneName:'America\/Nassau',gmtOffset:-18000,gmtOffsetName:'UTC-05:00',abbreviation:'EST',tzName:'Eastern Standard Time (North America)'}]",24.25000000,-76.00000000,ğŸ‡§ğŸ‡¸
63,Timor-Leste,TLS,TL,626,670,USD,United States dollar,$,.tl,Timor-Leste,"[{zoneName:'Asia\/Dili',gmtOffset:32400,gmtOffsetName:'UTC+09:00',abbreviation:'TLT',tzName:'Timor Leste Time'}]",-8.83333333,125.91666666,ğŸ‡¹ğŸ‡±
220,Togo,TGO,TG,768,228,XOF,West African CFA franc,CFA,.tg,Togo,"[{zoneName:'Africa\/Lome',gmtOffset:0,gmtOffsetName:'UTC\u00b100',abbreviation:'GMT',tzName:'Greenwich Mean Time'}]",8.00000000,1.16666666,ğŸ‡¹ğŸ‡¬
221,Tokelau,TKL,TK,772,690,NZD,New Zealand dollar,$,.tk,Tokelau,"[{zoneName:'Pacific\/Fakaofo',gmtOffset:46800,gmtOffsetName:'UTC+13:00',abbreviation:'TKT',tzName:'Tokelau Time'}]",-9.00000000,-172.00000000,ğŸ‡¹ğŸ‡°
222,Tonga,TON,TO,776,676,TOP,Tongan paÊ»anga,$,.to,Tonga,"[{zoneName:'Pacific\/Tongatapu',gmtOffset:46800,gmtOffsetName:'UTC+13:00',abbreviation:'TOT',tzName:'Tonga Time'}]",-20.00000000,-175.00000000,ğŸ‡¹ğŸ‡´
223,Trinidad and Tobago,TTO,TT,780,+1-868,TTD,Trinidad and Tobago dollar,$,.tt,Trinidad and Tobago,"[{zoneName:'America\/Port_of_Spain',gmtOffset:-14400,gmtOffsetName:'UTC-04:00',abbreviation:'AST',tzName:'Atlantic Standard Time'}]",11.00000000,-61.00000000,ğŸ‡¹ğŸ‡¹
224,Tunisia,TUN,TN,788,216,TND,Tunisian dinar,Øª.Ø¯,.tn,ØªÙˆÙ†Ø³,"[{zoneName:'Africa\/Tunis',gmtOffset:3600,gmtOffsetName:'UTC+01:00',abbreviation:'CET',tzName:'Central European Time'}]",34.00000000,9.00000000,ğŸ‡¹ğŸ‡³
225,Turkey,TUR,TR,792,90,TRY,Turkish lira,â‚º,.tr,TÃ¼rkiye,"[{zoneName:'Europe\/Istanbul',gmtOffset:10800,gmtOffsetName:'UTC+03:00',abbreviation:'EET',tzName:'Eastern European Time'}]",39.00000000,35.00000000,ğŸ‡¹ğŸ‡·
226,Turkmenistan,TKM,TM,795,993,TMT,Turkmenistan manat,T,.tm,TÃ¼rkmenistan,"[{zoneName:'Asia\/Ashgabat',gmtOffset:18000,gmtOffsetName:'UTC+05:00',abbreviation:'TMT',tzName:'Turkmenistan Time'}]",40.00000000,60.00000000,ğŸ‡¹ğŸ‡²
227,Turks and Caicos Islands,TCA,TC,796,+1-649,USD,United States dollar,$,.tc,Turks and Caicos Islands,"[{zoneName:'America\/Grand_Turk',gmtOffset:-18000,gmtOffsetName:'UTC-05:00',abbreviation:'EST',tzName:'Eastern Standard Time (North America'}]",21.75000000,-71.58333333,ğŸ‡¹ğŸ‡¨
228,Tuvalu,TUV,TV,798,688,AUD,Australian dollar,$,.tv,Tuvalu,"[{zoneName:'Pacific\/Funafuti',gmtOffset:43200,gmtOffsetName:'UTC+12:00',abbreviation:'TVT',tzName:'Tuvalu Time'}]",-8.00000000,178.00000000,ğŸ‡¹ğŸ‡»
229,Uganda,UGA,UG,800,256,UGX,Ugandan shilling,USh,.ug,Uganda,"[{zoneName:'Africa\/Kampala',gmtOffset:10800,gmtOffsetName:'UTC+03:00',abbreviation:'EAT',tzName:'East Africa Time'}]",1.00000000,32.00000000,ğŸ‡ºğŸ‡¬
230,Ukraine,UKR,UA,804,380,UAH,Ukrainian hryvnia,â‚´,.ua,Ğ£ĞºÑ€Ğ°Ñ—Ğ½Ğ°,"[{zoneName:'Europe\/Kiev',gmtOffset:7200,gmtOffsetName:'UTC+02:00',abbreviation:'EET',tzName:'Eastern European Time'},{zoneName:'Europe\/Simferopol',gmtOffset:10800,gmtOffsetName:'UTC+03:00',abbreviation:'MSK',tzName:'Moscow Time'},{zoneName:'Europe\/Uzhgorod',gmtOffset:7200,gmtOffsetName:'UTC+02:00',abbreviation:'EET',tzName:'Eastern European Time'},{zoneName:'Europe\/Zaporozhye',gmtOffset:7200,gmtOffsetName:'UTC+02:00',abbreviation:'EET',tzName:'Eastern European Time'}]",49.00000000,32.00000000,ğŸ‡ºğŸ‡¦
231,United Arab Emirates,ARE,AE,784,971,AED,United Arab Emirates dirham,Ø¥.Ø¯,.ae,Ø¯ÙˆÙ„Ø© Ø§Ù„Ø¥Ù…Ø§Ø±Ø§Øª Ø§Ù„Ø¹Ø±Ø¨ÙŠØ© Ø§Ù„Ù…ØªØ­Ø¯Ø©,"[{zoneName:'Asia\/Dubai',gmtOffset:14400,gmtOffsetName:'UTC+04:00',abbreviation:'GST',tzName:'Gulf Standard Time'}]",24.00000000,54.00000000,ğŸ‡¦ğŸ‡ª
232,United Kingdom,GBR,GB,826,44,GBP,British pound,Â£,.uk,United Kingdom,"[{zoneName:'Europe\/London',gmtOffset:0,gmtOffsetName:'UTC\u00b100',abbreviation:'GMT',tzName:'Greenwich Mean Time'}]",54.00000000,-2.00000000,ğŸ‡¬ğŸ‡§
233,United States,USA,US,840,1,USD,United States dollar,$,.us,United States,"[{zoneName:'America\/Adak',gmtOffset:-36000,gmtOffsetName:'UTC-10:00',abbreviation:'HST',tzName:'Hawaii\u2013Aleutian Standard Time'},{zoneName:'America\/Anchorage',gmtOffset:-32400,gmtOffsetName:'UTC-09:00',abbreviation:'AKST',tzName:'Alaska Standard Time'},{zoneName:'America\/Boise',gmtOffset:-25200,gmtOffsetName:'UTC-07:00',abbreviation:'MST',tzName:'Mountain Standard Time (North America'},{zoneName:'America\/Chicago',gmtOffset:-21600,gmtOffsetName:'UTC-06:00',abbreviation:'CST',tzName:'Central Standard Time (North America'},{zoneName:'America\/Denver',gmtOffset:-25200,gmtOffsetName:'UTC-07:00',abbreviation:'MST',tzName:'Mountain Standard Time (North America'},{zoneName:'America\/Detroit',gmtOffset:-18000,gmtOffsetName:'UTC-05:00',abbreviation:'EST',tzName:'Eastern Standard Time (North America'},{zoneName:'America\/Indiana\/Indianapolis',gmtOffset:-18000,gmtOffsetName:'UTC-05:00',abbreviation:'EST',tzName:'Eastern Standard Time (North America'},{zoneName:'America\/Indiana\/Knox',gmtOffset:-21600,gmtOffsetName:'UTC-06:00',abbreviation:'CST',tzName:'Central Standard Time (North America'},{zoneName:'America\/Indiana\/Marengo',gmtOffset:-18000,gmtOffsetName:'UTC-05:00',abbreviation:'EST',tzName:'Eastern Standard Time (North America'},{zoneName:'America\/Indiana\/Petersburg',gmtOffset:-18000,gmtOffsetName:'UTC-05:00',abbreviation:'EST',tzName:'Eastern Standard Time (North America'},{zoneName:'America\/Indiana\/Tell_City',gmtOffset:-21600,gmtOffsetName:'UTC-06:00',abbreviation:'CST',tzName:'Central Standard Time (North America'},{zoneName:'America\/Indiana\/Vevay',gmtOffset:-18000,gmtOffsetName:'UTC-05:00',abbreviation:'EST',tzName:'Eastern Standard Time (North America'},{zoneName:'America\/Indiana\/Vincennes',gmtOffset:-18000,gmtOffsetName:'UTC-05:00',abbreviation:'EST',tzName:'Eastern Standard Time (North America'},{zoneName:'America\/Indiana\/Winamac',gmtOffset:-18000,gmtOffsetName:'UTC-05:00',abbreviation:'EST',tzName:'Eastern Standard Time (North America'},{zoneName:'America\/Juneau',gmtOffset:-32400,gmtOffsetName:'UTC-09:00',abbreviation:'AKST',tzName:'Alaska Standard Time'},{zoneName:'America\/Kentucky\/Louisville',gmtOffset:-18000,gmtOffsetName:'UTC-05:00',abbreviation:'EST',tzName:'Eastern Standard Time (North America'},{zoneName:'America\/Kentucky\/Monticello',gmtOffset:-18000,gmtOffsetName:'UTC-05:00',abbreviation:'EST',tzName:'Eastern Standard Time (North America'},{zoneName:'America\/Los_Angeles',gmtOffset:-28800,gmtOffsetName:'UTC-08:00',abbreviation:'PST',tzName:'Pacific Standard Time (North America'},{zoneName:'America\/Menominee',gmtOffset:-21600,gmtOffsetName:'UTC-06:00',abbreviation:'CST',tzName:'Central Standard Time (North America'},{zoneName:'America\/Metlakatla',gmtOffset:-32400,gmtOffsetName:'UTC-09:00',abbreviation:'AKST',tzName:'Alaska Standard Time'},{zoneName:'America\/New_York',gmtOffset:-18000,gmtOffsetName:'UTC-05:00',abbreviation:'EST',tzName:'Eastern Standard Time (North America'},{zoneName:'America\/Nome',gmtOffset:-32400,gmtOffsetName:'UTC-09:00',abbreviation:'AKST',tzName:'Alaska Standard Time'},{zoneName:'America\/North_Dakota\/Beulah',gmtOffset:-21600,gmtOffsetName:'UTC-06:00',abbreviation:'CST',tzName:'Central Standard Time (North America'},{zoneName:'America\/North_Dakota\/Center',gmtOffset:-21600,gmtOffsetName:'UTC-06:00',abbreviation:'CST',tzName:'Central Standard Time (North America'},{zoneName:'America\/North_Dakota\/New_Salem',gmtOffset:-21600,gmtOffsetName:'UTC-06:00',abbreviation:'CST',tzName:'Central Standard Time (North America'},{zoneName:'America\/Phoenix',gmtOffset:-25200,gmtOffsetName:'UTC-07:00',abbreviation:'MST',tzName:'Mountain Standard Time (North America'},{zoneName:'America\/Sitka',gmtOffset:-32400,gmtOffsetName:'UTC-09:00',abbreviation:'AKST',tzName:'Alaska Standard Time'},{zoneName:'America\/Yakutat',gmtOffset:-32400,gmtOffsetName:'UTC-09:00',abbreviation:'AKST',tzName:'Alaska Standard Time'},{zoneName:'Pacific\/Honolulu',gmtOffset:-36000,gmtOffsetName:'UTC-10:00',abbreviation:'HST',tzName:'Hawaii\u2013Aleutian Standard Time'}]",38.00000000,-97.00000000,ğŸ‡ºğŸ‡¸
234,United States Minor Outlying Islands,UMI,UM,581,1,USD,United States dollar,$,.us,United States Minor Outlying Islands,"[{zoneName:'Pacific\/Midway',gmtOffset:-39600,gmtOffsetName:'UTC-11:00',abbreviation:'SST',tzName:'Samoa Standard Time'},{zoneName:'Pacific\/Wake',gmtOffset:43200,gmtOffsetName:'UTC+12:00',abbreviation:'WAKT',tzName:'Wake Island Time'}]",0.00000000,0.00000000,ğŸ‡ºğŸ‡²
235,Uruguay,URY,UY,858,598,UYU,Uruguayan peso,$,.uy,Uruguay,"[{zoneName:'America\/Montevideo',gmtOffset:-10800,gmtOffsetName:'UTC-03:00',abbreviation:'UYT',tzName:'Uruguay Standard Time'}]",-33.00000000,-56.00000000,ğŸ‡ºğŸ‡¾
236,Uzbekistan,UZB,UZ,860,998,UZS,Uzbekistani soÊ»m,Ğ»Ğ²,.uz,Oâ€˜zbekiston,"[{zoneName:'Asia\/Samarkand',gmtOffset:18000,gmtOffsetName:'UTC+05:00',abbreviation:'UZT',tzName:'Uzbekistan Time'},{zoneName:'Asia\/Tashkent',gmtOffset:18000,gmtOffsetName:'UTC+05:00',abbreviation:'UZT',tzName:'Uzbekistan Time'}]",41.00000000,64.00000000,ğŸ‡ºğŸ‡¿
237,Vanuatu,VUT,VU,548,678,VUV,Vanuatu vatu,VT,.vu,Vanuatu,"[{zoneName:'Pacific\/Efate',gmtOffset:39600,gmtOffsetName:'UTC+11:00',abbreviation:'VUT',tzName:'Vanuatu Time'}]",-16.00000000,167.00000000,ğŸ‡»ğŸ‡º
238,Vatican City State (Holy See),VAT,VA,336,379,EUR,Euro,â‚¬,.va,Vaticano,"[{zoneName:'Europe\/Vatican',gmtOffset:3600,gmtOffsetName:'UTC+01:00',abbreviation:'CET',tzName:'Central European Time'}]",41.90000000,12.45000000,ğŸ‡»ğŸ‡¦
239,Venezuela,VEN,VE,862,58,VES,BolÃ­var,Bs,.ve,Venezuela,"[{zoneName:'America\/Caracas',gmtOffset:-14400,gmtOffsetName:'UTC-04:00',abbreviation:'VET',tzName:'Venezuelan Standard Time'}]",8.00000000,-66.00000000,ğŸ‡»ğŸ‡ª
240,Vietnam,VNM,VN,704,84,VND,Vietnamese Ä‘á»“ng,â‚«,.vn,Viá»‡t Nam,"[{zoneName:'Asia\/Ho_Chi_Minh',gmtOffset:25200,gmtOffsetName:'UTC+07:00',abbreviation:'ICT',tzName:'Indochina Time'}]",16.16666666,107.83333333,ğŸ‡»ğŸ‡³
241,Virgin Islands (British),VGB,VG,92,+1-284,USD,United States dollar,$,.vg,British Virgin Islands,"[{zoneName:'America\/Tortola',gmtOffset:-14400,gmtOffsetName:'UTC-04:00',abbreviation:'AST',tzName:'Atlantic Standard Time'}]",18.43138300,-64.62305000,ğŸ‡»ğŸ‡¬
242,Virgin Islands (US),VIR,VI,850,+1-340,USD,United States dollar,$,.vi,United States Virgin Islands,"[{zoneName:'America\/St_Thomas',gmtOffset:-14400,gmtOffsetName:'UTC-04:00',abbreviation:'AST',tzName:'Atlantic Standard Time'}]",18.34000000,-64.93000000,ğŸ‡»ğŸ‡®
243,Wallis and Futuna Islands,WLF,WF,876,681,XPF,CFP franc,â‚£,.wf,Wallis et Futuna,"[{zoneName:'Pacific\/Wallis',gmtOffset:43200,gmtOffsetName:'UTC+12:00',abbreviation:'WFT',tzName:'Wallis & Futuna Time'}]",-13.30000000,-176.20000000,ğŸ‡¼ğŸ‡«
244,Western Sahara,ESH,EH,732,212,MAD,Moroccan Dirham,MAD,.eh,Ø§Ù„ØµØ­Ø±Ø§Ø¡ Ø§Ù„ØºØ±Ø¨ÙŠØ©,"[{zoneName:'Africa\/El_Aaiun',gmtOffset:3600,gmtOffsetName:'UTC+01:00',abbreviation:'WEST',tzName:'Western European Summer Time'}]",24.50000000,-13.00000000,ğŸ‡ªğŸ‡­
245,Yemen,YEM,YE,887,967,YER,Yemeni rial,ï·¼,.ye,Ø§Ù„ÙŠÙÙ…ÙÙ†,"[{zoneName:'Asia\/Aden',gmtOffset:10800,gmtOffsetName:'UTC+03:00',abbreviation:'AST',tzName:'Arabia Standard Time'}]",15.00000000,48.00000000,ğŸ‡¾ğŸ‡ª
246,Zambia,ZMB,ZM,894,260,ZMW,Zambian kwacha,ZK,.zm,Zambia,"[{zoneName:'Africa\/Lusaka',gmtOffset:7200,gmtOffsetName:'UTC+02:00',abbreviation:'CAT',tzName:'Central Africa Time'}]",-15.00000000,30.00000000,ğŸ‡¿ğŸ‡²
247,Zimbabwe,ZWE,ZW,716,263,ZWL,Zimbabwe Dollar,$,.zw,Zimbabwe,"[{zoneName:'Africa\/Harare',gmtOffset:7200,gmtOffsetName:'UTC+02:00',abbreviation:'CAT',tzName:'Central Africa Time'}]",-20.00000000,30.00000000,ğŸ‡¿ğŸ‡¼